address1_composite,address1_addresstypecode,address1_city,address1_country,address1_county,address1_fax,address1_latitude,address1_longitude,address1_telephone1,address1_postofficebox,address1_primarycontactname,address1_stateorprovince,address1_line1,address1_line2,address1_line3,address1_telephone2,address1_telephone3,address1_postalcode,address2_composite,address2_addresstypecode,address2_city,address2_country,address2_county,address2_fax,address2_latitude,address2_longitude,address2_postofficebox,address2_primarycontactname,address2_stateorprovince,address2_line1,address2_line2,address2_line3,address2_telephone1,address2_telephone2,address2_telephone3,address2_postalcode,address3_composite,address3_addresstypecode,address3_city,address3_county,address3_fax,address3_latitude,address3_longitude,address3_postofficebox,address3_primarycontactname,address3_telephone1,address3_telephone2,address3_telephone3,address3_country,address3_stateorprovince,address3_line1,address3_line2,address3_line3,address3_postalcode,aging30,aging30_base,aging60,aging60_base,aging90,aging90_base,anniversary,annualincome,annualincome_base,assistantname,assistantphone,isbackofficecustomer,birthdate,telephone1,business2,callback,childrensnames,company,contactid,creditonhold,creditlimit,creditlimit_base,customersizecode,department,description,donotbulkemail,donotbulkpostalmail,donotemail,donotfax,donotpostalmail,donotphone,educationcode,emailaddress1,emailaddress2,emailaddress3,employeeid,entityimage,entityimageid,exchangerate,externaluseridentifier,fax,firstname,followemail,ftpsiteurl,fullname,gendercode,governmentid,haschildrencode,telephone2,home2,importsequencenumber,jobtitle,lastusedincampaign,lastname,lastonholdtime,leadsourcecode,managername,managerphone,familystatuscode,marketingonly,merged,middlename,mobilephone,nickname,numberofchildren,onholdtime,pager,participatesinworkflow,paymenttermscode,preferredappointmentdaycode,preferredcontactmethodcode,preferredappointmenttimecode,processid,stageid,customertypecode,accountrolecode,salutation,donotsendmm,shippingmethodcode,spousesname,statuscode,statecode,suffix,telephone3,territorycode,timespentbymeonemailandmeetings,timezoneruleversionnumber,traversedpath,utcconversiontimezonecode,versionnumber,websiteurl,yomifirstname,yomifullname,yomilastname,yomimiddlename,sample_contributorsid,createdbyexternalparty,transactioncurrencyid,slainvokedid,masterid,modifiedbyexternalparty,owningbusinessunit,preferredsystemuserid,slaid
"7842 Ygnacio Valley Road
Seattle, WA 12150
U.S.",,Seattle,U.S.,,,,,,,,WA,7842 Ygnacio Valley Road,,,,,12150,,Default Value,,,,,,,,,,,,,,,,,,,,,,,,,,,,,,,,,,,,,,,,,,,,,,FALSE,4/8/1983 0:00,555-0112,,,,,11028ae3-df61-e811-a96c-000d3a1c9c85,FALSE,,,Default Value,,,FALSE,FALSE,FALSE,FALSE,FALSE,FALSE,Default Value,someone_m@example.com,,,,/9j/4AAQSkZJRgABAQEAYABgAAD/2wBDAAgGBgcGBQgHBwcJCQgKDBQNDAsLDBkSEw8UHRofHh0aHBwgJC4nICIsIxwcKDcpLDAxNDQ0Hyc5PTgyPC4zNDL/2wBDAQkJCQwLDBgNDRgyIRwhMjIyMjIyMjIyMjIyMjIyMjIyMjIyMjIyMjIyMjIyMjIyMjIyMjIyMjIyMjIyMjIyMjL/wAARCACQAJADASIAAhEBAxEB/8QAHwAAAQUBAQEBAQEAAAAAAAAAAAECAwQFBgcICQoL/8QAtRAAAgEDAwIEAwUFBAQAAAF9AQIDAAQRBRIhMUEGE1FhByJxFDKBkaEII0KxwRVS0fAkM2JyggkKFhcYGRolJicoKSo0NTY3ODk6Q0RFRkdISUpTVFVWV1hZWmNkZWZnaGlqc3R1dnd4eXqDhIWGh4iJipKTlJWWl5iZmqKjpKWmp6ipqrKztLW2t7i5usLDxMXGx8jJytLT1NXW19jZ2uHi4+Tl5ufo6erx8vP09fb3+Pn6/8QAHwEAAwEBAQEBAQEBAQAAAAAAAAECAwQFBgcICQoL/8QAtREAAgECBAQDBAcFBAQAAQJ3AAECAxEEBSExBhJBUQdhcRMiMoEIFEKRobHBCSMzUvAVYnLRChYkNOEl8RcYGRomJygpKjU2Nzg5OkNERUZHSElKU1RVVldYWVpjZGVmZ2hpanN0dXZ3eHl6goOEhYaHiImKkpOUlZaXmJmaoqOkpaanqKmqsrO0tba3uLm6wsPExcbHyMnK0tPU1dbX2Nna4uPk5ebn6Onq8vP09fb3+Pn6/9oADAMBAAIRAxEAPwDvNO1hrCb+z9ZlCSID5dyxwsij1PY1f/4SHTnlMVrI904OP9HjaRc+m4DaD9TWBe6JA7SRvZT3O7nzpLouyn1G4/KfpVrQdauI2GnaoWEgZkgmYj96BxgkfxfzouBY1i2utaszH/Zaxns91OEK+42b/wClc7Bda1pF3Dp2p6iba3P3J4YlYn23NkY/D9K7svx8oBqpqNjb6latb3KhlI49R9KLoZVj0SzmRjczXl6H5YXFyxRvqikJ/wCO1oWllZWClbO1t7YHqIIlTP5VxcWo3XhS9FlqBeXTmOIp+pT6+3+fauviuUljV43VlYZDKcgilewXuXS4I5GfrXI6vaXOiXj6xpa5jbm5tweGH94e9bd7qdtYxeZczBF7DqT9AOTWBd+MbFMxhGMh4Afp+OM0uZIai3sbWn6vDqlqlxDLuVu3ofQ1YLivMrXWU02/lntY3/en5okP7sepIx8v0zWmPGc8siHy0gx1V8Ybj6j/ADmp5kPkZ25IbtmuT8S2M1jcrrVnECVGy5j7SJ05/wAav6f4y0t3Ed3+7YjIKOCDz2BwTVHWPiZp1p5ltb6Jcztyp+04jVh0PqSPwq4pvYzm1HcrW9x9kuYtRtiZLSdMyqAdzgY5wP417+o/DHXWaRX1rHeIyrhd3LA8EZxkcfjmvINP8UXNtcGGSJV055TJ5K8tF6FWPOR+vIPWul1nRpr7w6wtpRLaxzJNF5eGGSDhQOuGzlT65XrgCpQ7kqopJuJ1OoeIPCmnxlbrUYHcrykK725HfaDj8a85l1yz0W7ka0tXuNMuSfkkba20qMgHn1GD7eoNcxcXMchjHzOY0CA9Scf5x9AKvatd/wClJZsr/ZkURNGD0K/LuHocjPvVcuxDqPU7Twx4x0guba8la2jJ+RpRj8yOB+OK72G3gvIRNZXUU8R6Mjhh+Y4r5+kiEEnlvj1DDow7Gpbeae0fzrS5lt5cY3xOVP5im6a6EKu1ue9HJc7nJ4qhPaw3cU8Eg6SZDDqpwDke/NZdnqkmnfurxjNa7AYp1fcQvbJOMr6N26NjBNdLFYLPE8qAPHJy4PXpjp+HSsbNM6ihpWqzxy/2dqJ/frxFN2mA/wDZvUVt7yawtZi8P2dqUu9TtrSQYdCsoDjHOQOT+lYcnxHtNNt/KktJr2ZSVSZMLHLgAg8nI4I7fmMGnytkucV1OwvtMi1W3eCdNylcZHb/ADxXG2n9p+EtQewnXz7IjfEc+vp6ZPUdjz35x7n4n6/qEywabaW1rv8AlXjzHB+pwP0o8nU9YO+a7eWVfvyv0b8uB9BUVZcit1ZdBKrLTZEesaw9zdtLdOhK/cRfm2+n0PX36elYTpIYkljhCJ13SYUyY6EnPIz9BW3/AMI9JEWcqzsRxnoKyr3RZwMtEQexx/Submbep3OnZaFbzYI5FNxeoNoB8hEJ3H/aPQ9/Wq76lbysEt5EjxwElhXaT9VAxn1FQPpzJIAAeDycd6bLprk/d3bup7/jVpIzcWW01RpJYYbhTGAPlbduHOehOSMH69K3Ptref9g1CJJLaRtkLZAYHOO55HB49cHjvzaWUuNjByOvXv7VrRtdpamIqGXIySvUe/GD+OfxxitItIiUG0dXp3w90vWod9re3W4D5o/MRSPflc4rZg8KRaJAdLMs8gly0QmkBGe6q2BjPX2PI6muV0DXm02a2hR/KuIzujBcmNlbA2gHJAJOTk9uPWvXmjg1/SFbIUsMqV5MbjuDXRz3OT2Si7o8yi8FwatqsjFit2G8yQEhFlGfvAY6n+IdjnoCKll+GElxcedPK5Y9fLlX/wCJrppYplmaVgE1K05bPRs/xe6kdfz6g102l3sOo2SzRBlYfLJH0KMOoNPmYnTizzib4ZxCz/ePcERZKkOucdx06Vnv8OtN+xrdrdXQiPVldePrxXr06vtxGiMx7Mx/wNc5NHNpl6Vkhi+xXbbWBckI5/4D3/nRzsn2UTyODxfNC7Qx2QGnGQskTSFpIgeoV+P1BB75611CQ3Or6C1to17IYZRvj8tyrR7RyhAOSMcbeSOMblwQ+2+F5mjAkkugf7wCr+hzWjpfw6uNEuTdW91enGCyM6FWxyOAOo7EciqcV0Ig57S2PKtRXyJFguf+PiL5WJ6leNv146H0x2qW5ulGjWmyINGqkMCo5O5uh6jgLXe614btb+NJSHaFSQHjHzxc8jb+ZK/UrzuUwr8O7m40yNIGMkDMzI4dO+339jS0sNxldmX4XtLG4UXNukjzr8u5iDtzx07H9K9CtrKK1tgB1PJJ6muc0fQP+Ebd4HLNKTuwcZ9O3GP8a6ZpC0anv2z2rkqO82zuw8eWmkV5gpzgY61nyRI82CoI7fWrzuMen1qlNJ83A/M1B2Iy7m1jDH5Ruz6VlyW678BBj2FbMxycbjnGTVcoFY5PU0jRGYYlBwQCV7EUIoY9QfarE5I5AGBUDAKQcHA4PFNMiSM+9szBMLi3XbI3pxz1rvvA+vbbv7KWAimAfaScjORn8xXLSRLJFtJOMDnPeq+lzyW2twMx+dSQwDZzkjn35J9e/rWq0OSavoeyazp7Tqtzagfa4h8v+2O6n2NYNnNJbX0d9ZRySQzHy57YDLAj29V/UZ6kCt0az/xNLS0a0uDHNEGFyBmMN/dOKrazY/Y5X1GFW8pwPtKoMEY6SL7j/PStUzmNhJFlVXQ7lYZBHSq19Zpe20kEi5Vxjjt+NYWj3zaVffYriQPaXBzBL1Cse2ewJPHocj0rqH9/1NADgfQj8KdtJ7fmawxNcaGwS6dprDOFnAyY/Zv8a245I5UV0ZWUjIOc5oAx9T0YzO9zZ7ROwxJHj5ZR6H0PoawraVtOllmtoXaPzP39o/3lPfHYHpz0P15Pc4z6/wAqzNT0tLoedCVjulGA+M7h/db1FAHF6vcwXPiG3uYJd8c8S7BjB4JBBHUEdwauHGAAKoX9sieIbQtCYbj5hLER3wMMD3BGf5dqi1TWBZu0VvF5tweNvpXLOykzspapWLjqpY5P51UuIsD5cVhvrmpLLmaxcqewWhNfeRgr27xj3qOZM6EmjQCZbJPWnSqiLzg/hVT7V5thJKgIwSKy59dWQLkEYALD3pjLlyV5xgY5xVFhx06mqFxrYEm6O1kYeoFQJqzTSASxPEvUblOKaJckdJCol0+YkETRj5Rnr/nmsywgSa9WVxlWJCMD8qr/ABD+ufY+9dNo62l9boyFWEo2OB1DDt/WsRIzZCe0kAaYP/rCMfKC2CD7gn8q6baI45O7Z7PochbQrTB4MYOMdParbYYEHnPXvWBoOpxLbR6ey+VJBGNqt/EnZhWpJeIO9UloYvc5jVNPSyk+xyD/AEGdj5Dk/wCpc/wE9ge3p+FXdG1V2VrC8Y/aoRwzcGRRxn6jofz71NqU0F7ayW0yh4nGCD/T3rjbe5mOotp8zsL22G+CbH+tQdCffHB9R+FMR6gwV1KuNykYIPSsVrO40iRptNXzbYnMlqOSvqU/w/KtSGWOZA6uGUjIOc1OBx3P6UgK1lqEGoQCWBsjoQ3UH0Io1G5ay0+W5CB9g4UttB7dcH+tVrvS2M5vdPkWG7x8w/gl9m/xrl/GOryXOix2TRPDM06rPGx5A/qDUTlyxbNaFP2lRQ7kuq3seq6hpksSMphWQyDqOQAMHvzWJqAME7vbRtLcuflXG7HufarWmqIWWMbQqoOO+Tk1YmJBJQdfzrm5m9WdjgoPlR59r8fiORA0CzRsCcrhMdRjnvxn9B71maamoxyqkivl8iTnjPrj1rvJ7Xz3Ad5SG6gucCkg0yGBtyLkn1NXzKwKOtxiQY0pw3Xoff3rzvUfMivGEZ3hemK9SmQrbSj0GB71wF5aeXclm+UFsjPQ0lvcuSbjYzYZNV8hmthI0pB4MnQ5GM5yCMZ4A9KsxXGqGMC8tg/94jC//Wq/HY5w0agH2P8AWpUspF5yT3+Zmb+tNyRn7N3L/hu6jS5CrlVY5PynIYDj/PvW7eW/+lQ3EhwLhsRnOBkgA5/3doP51zdujC6jK/M2cDHU+1dF4qjUeG4Y2f5I7kMCe64b+hFawd4sxnH30u5s38f9pxpFps8P2+2XMISRdwx1GPTjkUmm61Yy2PnatqVvZSIxSSOVwrBh1GDXmsVzJFIksUrwnnBQ7WH4jkHB7VNY+Atb1Od38r7zEtLIxYtnv36+9VRkql79DLF0ZULNa3O3vfiJ4YsAy2UVzqMoBwQmxM+5bB/EA1xOveOdQ1i7t7m2tLfT2tzmJ4/mceoJPBH4V1ehfC23uVL3N4XCMVdQNuCOxHX9RXa2nw+8PW0PlvYxTevmIG/nmt/cRxWqy30HXGmXWlSNc6V80JOZLU9P+Ak9PpVzTtXgv0Ow7ZF4eNx8yn3FRx6q8TiDUUEUnQSjlH/wNVdUsLe723EUhgu1HyzJwfofUVnY6DoPMHr+ZrE8U2kd1pLS7AXhYODjnGen+fSseHxNJZTLaaooikJwky/6uT8ex9q0JdRFxE8ecq6kHv1qZRumi6c+WSkuhyFvMy6zJGQcPErqfYcH+dapb93nNV/I+yt5bbiwPGe30pspKxkDPFca0PQm05XRHd3CwRE4GcelYlrqJnvA85Pkrn6CprtmnBBOFAz3zUEYTYAgAO3p+FOxpFpItS61bSqyRSqwXAwrCuR1DUIJ7hkkkTCnOGYZrS1CGRCzxA7c8gdxWFfWAkYSKOCfSrViZbaF3Srsb22kGPcdoPatiSQ7eMYI457VysSm3bBJ2/yrVt7p2ZAh3Rsdjd8Gk0ClpqadgBI7srYaEeZ+A5Nbnjjc3hsSKeBJG5x2GPX8RXLQzi11BA5+RjtcY6r3rqvEbRDwokMh3qxWMZ4zhv8AAVtDWDRzt2qxfmcdp9q+qXNlbx8STShBn3OK+jo40jjCIoVQMAAV434F0S+lvm1K2iDrZLlQwwHbptHvgk/l616zp+pRX8O5Mh1OHRhgqe4IqaKsrjx1TmkoroQXtrLb3B1GyXMgH76If8tV/wDihV61uYru3SeFtyMOtTdayrmBtNumvrdS1u5zcRL2/wBsD19R3rY4Thj4kuIJlsNbgVS3CTqP3cn+BrXW0u47cTQBngxnYWyQPavPNa+Jd5rFo1pb6LZW9u4Ibzsyt7EdAD+BrmY5Ndv7cWa3l9PARgwrIxTHuBxWipswdePQ9d1a88MwabnWr1RHJx5Wwl8/QAmuEtfHq6JczQ6bbSX1mP8AUvdfIy/lnI/L8K1/D+k6zqMA0/VrdLm3K4BlbMqDt9R9SCPXjFWF+GMEGpot3dpDbvnargnkds8cH6/rTtFbg5TlrE5rUvGes393aXLJb/PCCIkjOCdxHrnqD3711rTK+1huwwyAwIPI9O1dangy1sbVBpojWaMcb0G1xknGeo5J/Oua11XW8cm3Ns2BujI6Hpx6g9c1z1lG10deGc07SZz+oo20BXKhuCe9U7Ow1JR8s0TjPSRCD+Y/wrQn2SbecgEGpssij17Vz7HoxaMy8srxVLNfRJxnbsJ/XI/lWDNaytybxi2eSv8A9cGt69WSQZCk/hWQ6yRly4fbnniqUjToZMlkHceZPK4zyN+PzxWppRWImJFARRwO1VpscbCMEcUQPsJB6+1D1MHoTyDfcljyQe3evU9B0Oy1+wFrqce+NIgwXeQwYngjBzwAfzrzDT4/NuTI/wAsafMxJ4A9a9W8H2qatos17G7wyCfbbyDqgUDH1znkVtTWhy1Za6G7YzxaD5Wl3MSwwj5YJ0XCOP8Aa9G9/wDJsalYyrcDUdPwLkD95H0Ey+h9/Q1X+2xXW7StZiRJ2GBn7so9VP8ASoIbufRJBbzyNc2JOIperR+x9R/n6XYw3NfT9Riv4N6ZVhw6N1Q+hq2XXviuU1SK7eT+0dHjP2gLll/hmHp9fesu28dadPAj3d+lvIx2mBQXkDdMYGTTsS2luU9H8EaFaXf2fUIpIpwcIJxkP9D92u9tdE060ULDax8dMjNXZ7SC6iMVxGsiHswqvDayWKbYC0sI6Ru2WX/dP9D+YpubYowitkR3mjW94yygGG4T7k8Xysv+I9jTVSbyWttVSKWLtMo4P+8P4T79K0IbiObIQ/Mv3kPBX6j8KlqSjKS3n0wZt99zbdfKJy6D/ZPce30rD8XfZr7T4LuFw21jG4xgjPPPcdD+ddOYXgy1sRt6mJj8p+np/Kua8SzWNzbb0Ty7xZArxuNrkYPbv9RmplsXD4kcCVCSZf6gjvV2HDjGADjj3ptwo27hnINUHnZRuBIIPasLHYmW7gxqxBxxxxWFfSKVZTgqOeKZcS3eSEKMSM5J5rLuFvWzvKLn0OaFE09pZFbPJ9jSbt0uFPp0qBkwTlySaEfbyR7nNaKKMJSbNS7l8m0htY8/vDukI7jPA/mfyr2Xwb/ovhG3wyRxqCzyOcAHqc14Wzs8nmSYyTnHoK6k6LL4hGnJFeRjEQXyZGICndgY9zkD8q2pRc20jmxEuSFztfE/ijw1NbyW0+oG7kAygsl3lW9Q3C/+PVykXxD1aLTltIbC3eQfKZ58uzDtwMDP4mt3Rvh3YuqvdXbyMsgSSJV2Fc8cjr1xXbQeDdHtbfy7e3MTYx5qn5/zrX3F5nH+9l5HmktvqviDQCp+22wjHzwhnWJvfb3H8qk0T4cXMdrBq1w6gRlZlhQgkgEHryK9OtLaXSIPJlka6tcgK5ADID/e7Ee9TeT/AGazvZxloWJaS3Uc+5Qf079qjna0Rp7JS1luT/bGhG27TZ/00H3D/h+PHvVoOpAIYEHoQa80t/jX4TvH8uZ723Q/xTQDH/jpJqzD4z8LSlp9I8R20Jzlop9yRsfowGPwpujUXQpVIPqdbLPNJrS2bWDiIxb0vUf7pB+6Rjj8zmqmoa+PDyh9Zmi+ynO24UgNwOcr3+o/KuF8RfGXS7CzWO3Ae6PIdF3r3AZCcA8964mTWr3VbkXOqlpJuCIpG3eXzkA+pHp0B9xmunDYKVV+87GNXEKC0R6te/ErThYRS6dBNPJKuVEqGPZ9c8n6Dt3rhtU8VXd3rFnc6hKu0SBdg+VI1bg/lnPPpWTvMsm4njqa53XbgTQTYORivVhgaUINJdGcixFSU07nqckYzyBg8Vlz2mGOD8pqLwprf9v+HLe7ZszqPLuOefMGMn8Rg/jWrJgfMw4r5R6Ox9EndXRhzWTjO3r+VY91bS4JJIHua7AlHGNw6dfasjUAirzgkjg5qiTkpIhHnPOKYkZZw3oeBVi5O+TjGKmtowIwzY5zjNNsFEiEXmMFx065HepLzUN/h95I5CVmlWIH7p2AsRx2+6tUNYuVt7NokPzy/Lx2Hf8Az71jveb7aC3B+VBk/WvXyynZObPOx87tQXQ+iPAniOLxRoyJLNt1a2QK8gOGkUdGPr2z788ZFddBqETlIpisU7dEJ4Yjrg9+9fK+h6vd6PfxXdpM0UsZyGU4+o+mK9KtfiHJfKbe8toZIfM3Exja6k85BycE9enenXwEubmp7Mwp4lJWme0M4wc4x3zWFf3E+nlpVRrrTsZaJUyY/cHuPbtXL6T4+solZLxnnwco5I8wexzgfiD+FTXvxMsI1Pk2sue3nYXI9gCf1xXL9UrXtym3t6dtz//Z,b6e49a8f-e161-e811-a96a-000d3a1b913d,1,,,Thomas,TRUE,,Thomas Andersen (sample),Male,,Default Value,,,1,Purchasing Manager,,Andersen (sample),,Default Value,,,Single,FALSE,FALSE,,,,,,,FALSE,,,Any,Morning,,,Competitor,,,FALSE,Default Value,,Active,Active,,,Default Value,,4,,,456958,,,Thomas Andersen (sample),,,,,60db8c35-df61-e811-a96a-000d3a1b913d,,,,e5d20466-d661-e811-a96a-000d3a1b913d,,
"931 Corte De Luna
Seattle, WA 79465
U.S.",,Seattle,U.S.,,,,,,,,WA,931 Corte De Luna,,,,,79465,,Default Value,,,,,,,,,,,,,,,,,,,,,,,,,,,,,,,,,,,,,,,,,,,,,,FALSE,1/3/1969 0:00,555-0111,,,,,0f028ae3-df61-e811-a96c-000d3a1c9c85,FALSE,,,Default Value,,,FALSE,FALSE,FALSE,FALSE,FALSE,FALSE,Default Value,someone_l@example.com,,,,/9j/4AAQSkZJRgABAQEAYABgAAD/2wBDAAgGBgcGBQgHBwcJCQgKDBQNDAsLDBkSEw8UHRofHh0aHBwgJC4nICIsIxwcKDcpLDAxNDQ0Hyc5PTgyPC4zNDL/2wBDAQkJCQwLDBgNDRgyIRwhMjIyMjIyMjIyMjIyMjIyMjIyMjIyMjIyMjIyMjIyMjIyMjIyMjIyMjIyMjIyMjIyMjL/wAARCACQAJADASIAAhEBAxEB/8QAHwAAAQUBAQEBAQEAAAAAAAAAAAECAwQFBgcICQoL/8QAtRAAAgEDAwIEAwUFBAQAAAF9AQIDAAQRBRIhMUEGE1FhByJxFDKBkaEII0KxwRVS0fAkM2JyggkKFhcYGRolJicoKSo0NTY3ODk6Q0RFRkdISUpTVFVWV1hZWmNkZWZnaGlqc3R1dnd4eXqDhIWGh4iJipKTlJWWl5iZmqKjpKWmp6ipqrKztLW2t7i5usLDxMXGx8jJytLT1NXW19jZ2uHi4+Tl5ufo6erx8vP09fb3+Pn6/8QAHwEAAwEBAQEBAQEBAQAAAAAAAAECAwQFBgcICQoL/8QAtREAAgECBAQDBAcFBAQAAQJ3AAECAxEEBSExBhJBUQdhcRMiMoEIFEKRobHBCSMzUvAVYnLRChYkNOEl8RcYGRomJygpKjU2Nzg5OkNERUZHSElKU1RVVldYWVpjZGVmZ2hpanN0dXZ3eHl6goOEhYaHiImKkpOUlZaXmJmaoqOkpaanqKmqsrO0tba3uLm6wsPExcbHyMnK0tPU1dbX2Nna4uPk5ebn6Onq8vP09fb3+Pn6/9oADAMBAAIRAxEAPwD2BacBk0g61JTGIBTsUAUtABSGnhacFFIRVePNVZLXcelX7iaG1haWeRY0XqzGuK1v4iWWny+TCAz7S3znnHrgdB7nHPHehtIZ0g05c9Ktw2ir2xXimofGPUZblrTSYDcTE7cgKg+uTk/y+tA8aeLEi826vrOFmHCeWWIP49/pUuaQ+VnvCRKtTKuO1fNt/wCMfEfmJJPNKkbDIYkx7vcDOa2tF8fa/YlGe4llgHJFyd2c++cj86XtEPlZ73ilArnvDXiu18QQAriOYD5kJroqu99iWFKB3pKXOBQIdTSRimM+2qdxdqgPNMZXB5p9R08GgBwpwpuaUUhEo6VT1HUYdPt/Mc5Y8Kg6sakuLlbaFpHPQcD1rh9Xv5GSS5kYbiCEB6KPX6DrUzlZFJXOa8Z+Lr+W+g0ywxLql02yJTykA7sR7Dn9TxXn3iy3fTY4NNtWknuLp/3k78vO/TcfbnAHYA+pz3Hg7RTealfa5MGZ5pGt7fd1VVPzn6lgR+B9asz6DHe+NYZ5IwYbaEsCfUkj8wF/8erByszRI5rQfDK6LpyOY/MvJRnpz/n/AOtU15byWZ2xhZNQYEtI3zLCPb1PvXoRtBHE1w6gSycRqR91f8/zrntSMOnKzlBJcOf3aep9T7CsW3e7LjrojjhYwaWDqWpMTcOCURyWklP95u/4DA5wc8Vj3GryXcrv9qSL+6khIwPw4HWuo/sqa9uGubpt8j4ySP8APHtUd/4ahnhIMak+4qlPXU0dMd4b1K6sryO4STDocgq4YED0I4P0r3/QdXi1jTUnQjeBh1B6Gvlqxe48Pa1GkoZ7SRgrD05617J4c1I6FqMWX/0W4wp9MHkH/Pqa2hKzOecT1MmopJgB1qvLdALuDAg9KybzUcAgGugzLl1fhAeaw571pnwDmqc9zJNJgZNX7G16Mw5pXA1RIPWneaKxVvh60G996LoDa84etH2gAZJrDN971ZtXNwGY/dFFwEvJmuW5OF6D2Fcf4kkzZzGEBnYbIx645x+OMV1OoTLFDJyAcHk9vU1zcVumoatp0Uy5jB+0kemPu5/4CpP/AAKueTuy0a+nWUOj6ZFAh+S1gCnd13ev1yD+dU9GtTezTXTD5Z2AHb5ByfzG38c03Xrl5NMhtVOJtRnCgqcEKSAT+QJqXV75dH0cCNcTTLsjQdRnqPzqG9SkmMu9Rjlvppd3+j245x3PYf59q50W731291MOWPyr/dHYVLDbymKO1LbsNvlP95j/AIVrw2oRenSptc2S5SiLVUHA/SoJ1+UjHHtWu8Pymqc8Ix2ocSkzj9XsI7mJ/lBYcitvT7gal4ZiYkCSFvKOD07r+lRXMG4sFIP0rK0S6NlrV3pshxFeRF48n+NeSPy5/CpWgpq6PSNB1l77S1jdsyxfK2atNE8rc55ri9CvvsWsJuJ8ufhh/tf/AF+a9MESlFdQMEZFddOXMjlkrMoRWgUg1oQ4WmHiojMQcCtSTnRv96kwxq8tsc9P0qQWx9KnlAz1hZ2xzW4gWz09V743GoYrcK2X+6OtY+t6wFYRocknCj1b/wCtUTaihpXKWq3RuZxaq3MhHmHrtX/PWizkCwalfqSNo+zQgjjnCjH0wwrPlP2O1knkkHmPkA/zP64//VV0gw2Ok6cF+Zv9InR1wR6g+4JNc9+pqkKD9s8Xxxqx8nT7XA9N7fLz/wAB3GsHUtetLjWDc3VykcMRKW4c9hxux/nnNXL+8/s7RNSv1bbNfzmONv8AZ+7n6gBq4y78RW9pH5On2odlGJJSuSB0z+ePz+lEU5OxorJXO40rxDoc0iwwXQklY46EZNbhKPkqCPQV5DYaxe/bC0ttskAGd8G08+h/A9cV6hoFw93AGl4OOPers1oGj1QtxdrBCSetcFqet3M0+yW++zxZ5jh+8fx7V0PirejFYyefSsiy8N219pF5LPqBtZowCiRY8yduCRkkcAcDp83PblRXM7Db5VcoQappRLLDPNFMDt3M5bcePU+9R6pvgnstSVwzW8yszKOq9G/QmueutGjgMzQzyRMGBiXBO7lvrzjbyemTXSWNlNJpjQzAk7ec0VIcoQlzIvTybJ9u7HOVb056/wCfSvTvC2tjUtK2yECaE7XFeOpcPPYjI/fW7mORfXHQ/iMH9K3vD2rHT76OdSxjb5ZAO6+v1H8qinPlkZzjc9QurjBwDUG8k5pxhE8azKdysNwI9Kib5K7TnsbaW+R0qQW1XIkG2nuFijZ2wFUZJ9KYzmPEF8mnWbcgHGTXGWsMt1ItzKNsr/cjP8K+p9z3rR1q4N7qBeTlQfkQ/wBaztSt7x7U28MpjMwJlkH3yPRfSuOcuaVzWKsig9wmteI7fTIP3lnbENcHsQDnafqevtkVt3t0ou5Zs7ZnXcgf+6vbHrjP5j1qjo+mW+kadKyxlmBAbb1JOMIPc5X/AL6FZuh37azqt3M4UxeasaMBwxA3Mw4HHIUcZ2quamzsWrXG+Lbaa406xsIeCiZIH949/wCZ/GovDWl3Gk6Pe2xtE825Kn7SZD5qleVZT22kAj6d66lYReX0kpA25wPw4rQ8uNFxjOKum3HVFSSaszjY9NuZLiQztJIZgqySORuO0gjBxnqB+QrqYUEMY8tQnsKlKrnO3GPamlkZ1jySep9hVNtu7BJJaGHrUTth35GetV4I1mUB2OR0Na2pNafZHO8kjoMVi6fcKHVJMbH+44NRsy90Wn0qB2Dn5iOmakaGJIzwBxjFWHURj61nXUxWkwSOM1S4TSPECM4/c3i7T6BgRj88/pVgsLQiaM5hJz9KyfHQ86ygIzu83I/I1H4ev3udPCTEsycMf7wpSj7tyHvY9u8D6gt/prW+7PlfdB7CtK+hKZwK848BalJpuurESTE5KH3FesahGGBIropSvA55qzNuIcCmX8Ty2MkaY3MMDI6URSACnySYiYr1wcVqyTyq+u00eCe+nQzTg/IvZev9ATSfDK4vNdt7nV9UYSlpGREKgBfw9qp63byXAeCQcszsARnoOP0H610vwysPJ8MRRHGTLIxA7ZY4/TFc8PisaS+E1rixhkDRtEiocvjHHoT+v61y0/2S1Bnt1CIoxlRj/OTivSr2z82BQvDp93J4PsfbFeR+N1m0Owm2RMLbDSB2/gwCQn1zgVs4XREZWZqaXMAmPWtPcCeDXHaLqi3Fqjhskit+K5zxnmsL2Oq1y3MSELH0rFnW/VJngjZzMuBtOCPzrUY+aADmrK4EYUEDAo3C9jjF8PX9tokds9/NJKoI3yNubn39qp6Lor6cUiD/ALmI/LH6Huc10eo69pUDbWuS5U5JRciuefxbpz3RVQ0WT1JBxSaNVe2x1ciKYA3tXPaiSpx71qW12txDmNgwPoazNRQl6hko5bxDYyXtkuw4WJi7AdT9KxvD0Z+yyMRgZIB9ehrodavRZWYwpZ5W8tBjvg1BpdmFit7RVzJJgKAPpkmm9rESZ3PgTRDqM0dwykeW2c/SvTbqHEe30FVvC+lxabp8aRL1UZ45z3rWnQMK6acbROWTuxbyIwLuHSsZ9VVCVZq6i6QPAwPpXlvieSS0ZmTPBzWhDdixq8ET3dtcrgp5vI/A5/rT/Dt0dDe+slI++JYWPOUYc4+mB+dc5pGt/bXa1kblhlSe2P8A62a6Ly1doXUc7NufT2/QVhJWd0aR13OotvEUUtozz8SK2CiDJP0Fcz4lez8RWM9heWy/ZJgN6sx3Eggg5HQ8VLZKC0nNVIUBnnkY8M+F46ChzdrGigr3Odk0WysbdF0+Pywo4CsW6epNNivGhZRMpXnHIrS1O6h05CblhtOSC3FYMWtW12jKw3Qt93PasWbrVHVQyJJDvQ5OK5fXYfEl8j29o0NtaucNJuy5H07fnUkN42nMNr7oG6Z6it22vYrsYyMGqQtmc5ZaCtrYMsraU8ki7S8oJccYyCW4qj4hs4NSbyHljm4XcsIKqpBOMd+/rXYT6XaTYaSMN9Rmq/2C2gXCxBR9MVTb6FJrcydBsotMs/KUNljk7mJx9M0uoupc47VauWSEkjgfWsC8vUZmLOFReWPoKyDrcy9WIae1QnONzkfoP6103g7SDdXK35YEL0NcgZftV8WZcb8BR6L0xXpHhqBbGMPH0Pp0P/16cdZGM3oel2EmIQpwGA5qw7A1z9tfK56jNaSXGcc12LY5zenIERFed+K7cSRScdq7yZ9ymuR8QR74moJZ49GWtL4yLwY8kV6BoOox3lskW4GUDPA745rhtSiK3rD1NX/D8ptdRjdm2r3J9P8AIqGtBxZ6BbvtD7u3XFV4j5SL7nJpC4CHaeGFKOSgP1rG502OW8fQ/aLSNccswxV7wb4d0+KzV7iBJJHGDuG4fkeK0dd05b2zwVywGQfSsjQ9Re1kNtKfmQ4rWmlfUipJ8uh0Gt+A7LVoEEU0tmyco0OCn4qf6EVzr+E9b0TdIhW8gTndFw+PUqf5AmvR9MvFlRec5FaRt1kXKcH0q5U4szhWkjyu31yBoQSy5xzzVa81y3EZzIv51W+K2hLpt/b6pZfuvtTFLiNTgb8ZDAe4Bz7j1Jrz5Ip5eSTXNP3XZnZBqSujpL3WlkJAbjtjqa5zVLhjHCzD5fNzj8DzVuGzK8mi40+W6VTHEXRDhsDoT/8AqNRcJI6Tw9oqajFFcsCI2U/MOx4xXc2tkIIvLUg+9VNLSGysIoIAFQIP5VpQSbnx2renBLU5ZSuzQs7fb2rWiHSqlsQAKuIRkYrcgtyXgIrn9XuFZGGabdaksanmucvdTEhIDcUMi5g6jAHusgd6lt7UDGaWR9z7qkhcseKzZSNV7rYEVTlNgU+xqI3TKyqGPByKjkt3W2eUD0LD+tVlPmLwfmHIrnmmmdUGmjqLeXzogDzkVg61pxhf7RABuBz9auafMxUGr1yn2i3IxVxl1Jkij4d1tG2gtj1Fd1/aUFvYvczzxxQou55HYBVHqSa8V1UTaVffaoMhGOHA7H1ro9O1y21vRJ9Ou2I3AEhTgnBBH6gV0wmpaGE6bWpF441nTvENpAbG8guUSfkxSBsYBHOPrXJx2wVeFrU1OHbDbmOKNEyxYooBLnqT61XRcjiuWuvfOqh8BRkjCjOOla3h6bybCdhg75CDx7cVn3g2xHJ7VJo0oS0nB/vAioppcw6vwm0mobXwTyTW5YXaMBg1wksxMhK1saK8rEZzXUcdz0GCbcBitGJjgViWCsVGa2oR0qkM/9k=,b5e49a8f-e161-e811-a96a-000d3a1b913d,1,,,Susan,TRUE,,Susan Burk (sample),Female,,Default Value,,,1,Owner,,Burk (sample),,Default Value,,,Single,FALSE,FALSE,,,,,,,FALSE,,,Any,Morning,,,Competitor,,,FALSE,Default Value,,Active,Active,,,Default Value,,4,,,456957,,,Susan Burk (sample),,,,,60db8c35-df61-e811-a96a-000d3a1b913d,,,,e5d20466-d661-e811-a96a-000d3a1b913d,,
"7765 Sunsine Drive
Seattle, WA 11910
U.S.",,Seattle,U.S.,,,,,,,,WA,7765 Sunsine Drive,,,,,11910,,Default Value,,,,,,,,,,,,,,,,,,,,,,,,,,,,,,,,,,,,,,,,,,,,,,FALSE,7/2/1952 0:00,555-0110,,,,,0d028ae3-df61-e811-a96c-000d3a1c9c85,FALSE,,,Default Value,,,FALSE,FALSE,FALSE,FALSE,FALSE,FALSE,Default Value,someone_k@example.com,,,,/9j/4AAQSkZJRgABAQEAYABgAAD/2wBDAAgGBgcGBQgHBwcJCQgKDBQNDAsLDBkSEw8UHRofHh0aHBwgJC4nICIsIxwcKDcpLDAxNDQ0Hyc5PTgyPC4zNDL/2wBDAQkJCQwLDBgNDRgyIRwhMjIyMjIyMjIyMjIyMjIyMjIyMjIyMjIyMjIyMjIyMjIyMjIyMjIyMjIyMjIyMjIyMjL/wAARCACQAJADASIAAhEBAxEB/8QAHwAAAQUBAQEBAQEAAAAAAAAAAAECAwQFBgcICQoL/8QAtRAAAgEDAwIEAwUFBAQAAAF9AQIDAAQRBRIhMUEGE1FhByJxFDKBkaEII0KxwRVS0fAkM2JyggkKFhcYGRolJicoKSo0NTY3ODk6Q0RFRkdISUpTVFVWV1hZWmNkZWZnaGlqc3R1dnd4eXqDhIWGh4iJipKTlJWWl5iZmqKjpKWmp6ipqrKztLW2t7i5usLDxMXGx8jJytLT1NXW19jZ2uHi4+Tl5ufo6erx8vP09fb3+Pn6/8QAHwEAAwEBAQEBAQEBAQAAAAAAAAECAwQFBgcICQoL/8QAtREAAgECBAQDBAcFBAQAAQJ3AAECAxEEBSExBhJBUQdhcRMiMoEIFEKRobHBCSMzUvAVYnLRChYkNOEl8RcYGRomJygpKjU2Nzg5OkNERUZHSElKU1RVVldYWVpjZGVmZ2hpanN0dXZ3eHl6goOEhYaHiImKkpOUlZaXmJmaoqOkpaanqKmqsrO0tba3uLm6wsPExcbHyMnK0tPU1dbX2Nna4uPk5ebn6Onq8vP09fb3+Pn6/9oADAMBAAIRAxEAPwDrNS0qFbAySHc4H5VV8NMRbNiQqc1f1ObdYMM9qxNEfZFj1r1cKr4aSOKo/wB9E7+3EX9nhWcleetcv4qW18i2LnJDHJq612Y7E89K4fxTdPdxW6KSMMSa5KdJyjc2lKxk8bWC/d7VkTff/GtWIYhxWXccS/jWuD/iMzxPwEkH3TUhban41e0yyt5bcvI2G+tPuLC1iQB3feSSVweB647itudQlJy6kOLmo8pPY6nNaWylTke9Tz+KN0DCRcDHNM+y20tt5SEAoNw2nJb6euaxtQ0qbZJLB+8jA4Udf/r15kknK51qLSM24sLHXZXkRwHB+8vWtrTLiTTNOSyZ87AQCO4ya4jVrO40WQXNtKySEAunY5GR+mK1/D2vRTrtuyBIR36GpjszamvfiasYxEv0pR1pZHRjmP7h6UwGvPe59pBe6iSlBqLNOWgb2Jga2NJIzjPesUVdsZSlwBnrXTh3+8RxYtXpNHZX0mbM89qybCYQw7j2NaM6M9rzxmswQKsTR7gcdSK9/A29jJM+FrpqpFmt9tSWEhwTGe4qtNY2VxGgmYheuRTYgn2NhjpWRrDOtvH5bMvPY1jCPuOxq3qao0nSwMKWI+pqP/hHtImlAZGYk8AMawY3kKAeYxP1rpLeW10ezVXVXuH4eQkknPYd8D9a5Yy5W2jVx5lZgNNstPU/ZomLjpkFsH9a4bWP7Yj1kXjxi4ts7WjDcr7Y4P6cV1Et2kh33M8sQIwiMQB24GOfzrLRoI7uRvtcjoRjCM5x37ionUlLdmkIJLRGDcPPZSuJ4LhYD8yMDlom6/iOPT0Oe1RxeJZPtq4IB8zywYg3I7cHnr7VZvY9MupSqNIrt1Pltt568bic/hVCDQYrhYnkZwBlQVOcY5Xg+vI61lzamvKzs7WGx1pkW6sEkKcNIyfLJxxj9a0R4U0C3wzabCnPB24FYthbz2KM6P8AID93HGK7qwe21HTxFcD5mHIB6+o/WqjJMiUWtTISz0JAEEUAx6kcVL9n0Af8s7X8xXLeKPDqabdK0G7yXBYEsPy6CufEGe5rnlUjF25T3MPhalWmpqbseliLw+vVbMfUrUijw6O9iPxWvMfs49aPs49aXt4/ymry+p/z8Z6e0vh1FyHsfzWmC70IfPFJas/91SM15qLVTWjpNoouNw9a2o1YymlY5cRg504OXOzsJ7xXgIxhD+dZ6OqxOYwQvvSM+YutMj4hevbwK/cs+YxEnzxJra5ZoWGKZeSW/wBlJnycLlfrRbBhC56ZrK1JiRGvYnmlGHNBopysyfT4xLJGWB2A5P8AOrN3OEu9wjDSbS7vjJRP/rnA/Ec1Faxt9hkeMHfgoD6Zx/TP51TvoJLePzySWmzuBHpjjFeTUfKjupR5mY9zPcanc/OxCZ4Udv8AGtqy0G0VVcpuNY8JzLkdu1dVpzl02j06VxSm2z1KdKNhF0y3DfLCoGOBirMVku4YjHBHQdea0AmY1yB7e9X7eOMEZJzUJstxjYgayiEbEAcjketZ9xI+kKs6DKFwR9e+fwzXQyhei4NZeqwh7BlYcZB/WqU5KREqcXAnuoItY0loWxudcxlTkE4yK80ZSrsp6g4Nek6egS2SMjIIyewznP8AhXC6jsOp3OBtxKwx+NXXWiZ05RUacqfTcobeKQLU5K4pnFcx7qFArR0rPnYA71n9q1NHx5jfWujD/wARHDjl+5kTiTK4qSNwqnNM8oRkDNFfX4WhGNKy6n5/Vbc79iT7SWBUDC+tZ95C8pTb2NW6K1hhYRVkDk2XdLQpZHeOC20fX0/GsPUZjLeInbZhRW3bYa2cHs2f0rk7/UYLPXXW5Z0Ii3xqI2YkHvwDgZ45r57H0uSo4o9PCy2bJobR1l3lCV71v2LxRtu249ea4ybxDcNgwIcdgeP0NJF4vubePE1oCp4JB3Z/LvXmOmz0Y10tD1Esv7oqeCcY+vStG2iJ35OMHHSvP9K8YWN158c0628kaRlUm+U5HPemah4quLqN5tKmuWDEvxHsHXnBfAPIPSpUXfU0dRNaHpjKuOGH1xWfqoJs2+XdjBx64IrzCx8Xag1x5dxcoZAc4ZgnHuckV0w8Ztb2cjX2nzvHED5hidCQAOThiO1U4PoZqqmtTqLeJ1IXJ2qxUEntkkcfif0rk9Zsg+r3DjIyw798CtPSfGljqVgjxRXKoXwhljGep64Jwc8UmpQuLh7gphJGz16H39K9TBUKVafJV+Rx/Wa2HvUpHPf2f/vUo08e9aVFet/ZOG/lJ/tvFdzP+wj3q1Zw/ZnJHc1NSirjleHi7pGVTNcRUjyyehWty7gs55NT02McU/Fd600PLTursbRTsUYqhlC/1V4YmsYo41dsHzSuWB/HjHtVTxDZPLfvfPGvnyL5SvkqpjByBjp7+9ReIAbYrckZWTC/QjP+NaGoXci2lsRIS8QCbx1IAx/MGvkMZKarTjJ9T3aUIOEJRXQ5MaSblj5zD5j/AASL6+9M1HS4oIYord3JU9C3TvgV1UF59qQ+dGrMB94gf4Vh6i4SYsoXd246Vxpm8qelzW+HBMOpSxt03YUnsBjP65rp9f0aW4urgw2sbxkhhsHIU5zkdMZBx+PtXO+EYxZ30b7cADJB6mvR7hRPGjoZEbGVZWK8H+nA/Ks5btm0Y2ikedxeHrSNvNnhUSYxnn/D2q7aeFrSaQOzAQ/dKY+U5PT0wc9D610BhS5kMMsp3g9GY5/nWnBBBa24CqQwPcknP/6qTu1uPlS6FW0srTT1WC2hjhixhkVQoJzxn86qa1CYnVmILNF8xHQkMK0NsUlyyzAGLy23AjjFY1w+7S1IyF84qm7qVArpwF54iC8zPEJQoSfkZ1LSUtfbnzAUtJS0DK0dzHvIzwO9S/aYv7wrjbXxCso8oq6k8cirBt7idS4kbHUc159PFPlu1sNws0kdT9qh/vCj7VD/AHh+dedyzXfnyRCVxtOOtIz3UceTM5/GlHMacnYt0ZpXO9uorTUglvKSwLdFOD+HvVCVE/s1kjZnEDcFhzj/ACa5iKaXy1kWdxIpBUhuQa2LHVBdStbSLskkiIyDwSOenbvXi46Sq1XOC9T08LPlhySfoLbOwLYrOvnPnkHrVy33FxbjIZnx+h/qKy76X7NdAMjyStncFH3a81bnoOWhuaFeXUmqblthgDAO413mnzzXKiGVnQoR9xsbhXAaE9+wMlvCinoMuufx5rtLGLUpEx5sSOPvMGJz+AAp2NIxdr3NDXrCa4t0ns/luoDlcH7w9KS0uZbmzRmDK4+8D2NRyWepRkTRXpLLjdG65VvXnqPzNWrd0+zySdN75we3TP6g1lLfQtXSLFr5bzMJcEbehPWsXW9QjnvSiEFI+OPXvXT6X4cj1jTpruSZ42Dsi444wP8AH9KzNL8F217dSxSTkBGxxXZgqyw8/aNXfQ83GT9ovZo5fz0o89PWvQG+G1jni6k/Kuf1fwdFYXUca3BKucc1639svrE876su5z/2hPWlFwh7121v8OLSWBXN24JHpSXXw4tYbdpEu33AZ5FH9tS/lD6su545pHh251zWvs2nIhK/M7scKo967/TfDl1a6qun3EG6fbkBeQR6/SqXhCwu/C9wbqJRLvXEit/EPrXUWvipz4lgu2teQpjdAedp9Kyp1qtVTUVpYzcIx5bvUW68AwybmuNIyzDlkXJ/8drkte8DWlrZyOongZQSN+cH869zt9TiuYw4imQEfxL/AIGq+rahpS2EyXzxNGykNHIPve2DXlqLi7pnW7NHy2ljIgwqlh2qvMs9rOkqqQyEMDXdahHarcYswhU9dpyAfam21tauoNwq5Lcjv26VtTqXmKStG6OflX5lu4unUj0qlcFri6MxwS3cV0Xim3j0PXpYo491oVXCf7OByPoc1mNZpJEWtm3KfmHqK55R1PSjK6TJ9J86IchRuyATxzXX6Wt2SAX4xz81cPBfTLJHFJnCHjNdjZaiNqZ9PwrN8x0xasdMhJiIPp+dUCh3+X264p0F0ZlqxFGS2epY4qGtQueg6XpVuui20LK/zRAtiRhyeT39TVaLwxa2k7SW6ypuPVZWyf1rD1T4jWvhvXDo+o6dOI1hR4ZonVjIpGM7TjHIYde1bVn450G9RT9peBm/hnjK4+p6frXS6cbao8dyTZLLZRxcvdzx56bpiP61g6lp+jTzK1zeh3B4LXB4/WtvWvEmhW2i3U8+o2skQjIwkqsScdAB3rx3w/qi38Re5cGRjkccYpexTJ5rOyPR/PtYYwkeqMFA4An/APr1TuL6CRGifVmZT1Hn/wD165J4I2lbbEAh6CuR1q1hW/XaAM9cUqNFVJWCb5Vc9IS6jMR47ViQzqmtrJ/CDV0xMqHrWMQRe475r2MCrqS8jjr6WPYLDVbc20YJA4rI8VXNtNYkZBrCtWkEKcnpVDWIb69At7WN5ZX+6qiuFJc1jdt2PO5riWGQqh47ZrW8JW1xqfiS2klVjbWx86Vh0G3lc/VscfWur0f4ZqrLca5OD3+zQt/6E39B+ddHP9ks7BrSxijht48AJGuBn19z05qowfPcq/u2OJ8V2aaoGIIWZM7Gx29D7fyrzsS3OmXfkSBoj2BP6g9xXpd2CZGJyfSqn9h22sRPb3MW9T90jhkPqp9f8nNFSjzO63N6VZxVnsc1bXKToHkRSw746/lXR6fpvm4DEKuM8cVnTeFb/So5In/fW7Y8m5Axg54Vx/Ce2eh45zxWvpMrbo4pFKysuNp4PFcUlJOzPQg4yV0b1tbpbweWp74zWzoVk17fhiCYoSGc9s9hWZY2899cCG3xu4BY8hB6n/DvXoGnWMWn2aW8IO1eSx6se5PvRTptvmZnXrKEeVbsw/FXgm08WNaySTNb3Vtu8uRUDAg44YcZHHHPc+tUrfwjdWkTRTRxyqed8Zz39Dzmu0HWnIxzzXRJXPPR87eMdINrrkgMTBSvp0rF0ZpYGG3IGeR2NfTt7YWOpR+VeWkU64wPMQHH0Paueuvh/pMgZrRWt27Lncv68/rVRqcsbWF7O73PLRezbeg6Vzl8Wluizda9VvfBlzbAk2/mL/ei+b/69czd+HIHbcOD9anDVYUp3mVUoTnH3TomtDISi9cVzsts8GuxxOM5YV2+n201zdsyL8qjliOK1LbTNPtLo3TkTXTDHmEZI9h6V0YWs6d9N0YVKfNYaNHjkhixlTjkd6Sa2uLZGWDyoB3Zgefqf8avSXEe3AAUfXmqzXKAACTkdCVyf1pQjymjOfvEv5E+Z9jKf9Yp4YewqogdP3UkTDfxv65+pro5Lh2PEzZ/3RVC9W4a3Z852kN8w7D6GtbsRzE8PzEe/arelxhQSc8n+Loak1KHZKCMYfBBp0MTwQM+NuR8oY/e/wAKYF+bVbLTLZpb6eKKDIRjKeMngD3z6VxOpeLvDMeqzbIiZrdh5MQlaMyFsgjBTgDAOM+mPbM8Rwaklw2ozFZVT5ULJnaPRfQfSsIXdrqMZS5iCMTu2TLlTjPP4cfnTdOMt1ccZyjs7HpGjeMZtOTz00uF7Esomm88h4Sxxl/l6e+FHbtk9roPjjQfEEzW9leqLpWKmCUbHJ9s/e6dq8s8M6bLNbTRWbEywowWB23bhgBlDH1+fg8Hpx1HaweF9Ou9OtZYYfIZ4kbCrjBIB9PWlUpwtZISbbuz0IHmm5O4jOK5PTxr+mERrPDf246JOSrj6Ng/rXTJI0qhyhQkcqT0Nc8oWKTLAx3f8qcCv981CBxTgKiwyYOB0Y/jVS90yy1BT9ogRmP8Y+Vh+NTcUZ5qXFPcak1sf//Z,b4e49a8f-e161-e811-a96a-000d3a1b913d,1,,,Patrick,TRUE,,Patrick Sands (sample),Male,,Default Value,,,1,Owner,,Sands (sample),,Default Value,,,Single,FALSE,FALSE,,,,,,,FALSE,,,Any,Morning,,,Competitor,,,FALSE,Default Value,,Active,Active,,,Default Value,,4,,,456956,,,Patrick Sands (sample),,,,,60db8c35-df61-e811-a96a-000d3a1b913d,,,,e5d20466-d661-e811-a96a-000d3a1b913d,,
"7165 Brock Lane
Renton, WA 61795
U.S.",,Renton,U.S.,,,,,,,,WA,7165 Brock Lane,,,,,61795,,Default Value,,,,,,,,,,,,,,,,,,,,,,,,,,,,,,,,,,,,,,,,,,,,,,FALSE,3/2/1959 0:00,555-0109,,,,,0b028ae3-df61-e811-a96c-000d3a1c9c85,FALSE,,,Default Value,,,FALSE,FALSE,FALSE,FALSE,FALSE,FALSE,Default Value,someone_j@example.com,,,,/9j/4AAQSkZJRgABAQEAYABgAAD/2wBDAAgGBgcGBQgHBwcJCQgKDBQNDAsLDBkSEw8UHRofHh0aHBwgJC4nICIsIxwcKDcpLDAxNDQ0Hyc5PTgyPC4zNDL/2wBDAQkJCQwLDBgNDRgyIRwhMjIyMjIyMjIyMjIyMjIyMjIyMjIyMjIyMjIyMjIyMjIyMjIyMjIyMjIyMjIyMjIyMjL/wAARCACQAJADASIAAhEBAxEB/8QAHwAAAQUBAQEBAQEAAAAAAAAAAAECAwQFBgcICQoL/8QAtRAAAgEDAwIEAwUFBAQAAAF9AQIDAAQRBRIhMUEGE1FhByJxFDKBkaEII0KxwRVS0fAkM2JyggkKFhcYGRolJicoKSo0NTY3ODk6Q0RFRkdISUpTVFVWV1hZWmNkZWZnaGlqc3R1dnd4eXqDhIWGh4iJipKTlJWWl5iZmqKjpKWmp6ipqrKztLW2t7i5usLDxMXGx8jJytLT1NXW19jZ2uHi4+Tl5ufo6erx8vP09fb3+Pn6/8QAHwEAAwEBAQEBAQEBAQAAAAAAAAECAwQFBgcICQoL/8QAtREAAgECBAQDBAcFBAQAAQJ3AAECAxEEBSExBhJBUQdhcRMiMoEIFEKRobHBCSMzUvAVYnLRChYkNOEl8RcYGRomJygpKjU2Nzg5OkNERUZHSElKU1RVVldYWVpjZGVmZ2hpanN0dXZ3eHl6goOEhYaHiImKkpOUlZaXmJmaoqOkpaanqKmqsrO0tba3uLm6wsPExcbHyMnK0tPU1dbX2Nna4uPk5ebn6Onq8vP09fb3+Pn6/9oADAMBAAIRAxEAPwDopHYSNhj1qPzHz9406X/WN9aZ3qyCVZHx9408SP8A3jUa9KeKAH+Y/wDeNKJH/vGmU4CmMfvf+8aUM5/iNCpmmz3NtZpvuZljXBPPt14pCJQz9Nxp+5/7xrEm8Y+HrXPmah0xnbC7Y/JaiPj/AMKrtLaoME4/1MnH1+Wi6HZnRBpP7x/Onb367jVDT/EGi6oP9D1K3kbGdhfa2PXacHHNanlgrkYIPQigRFvf+8aXzH/vGnFCKbigA8x/7xpNz/3jRijFMBNzf3jToixlXLHrSYp8Q/er9aAMiT/WN9ajqWX/AFjfWo6QD16U8UwdKeooAeoqRVpAAqlmOFAyTXF+M/GyaPbCC2ciaQ8ELzgHqM8dRj8DRew0rm7rnizTdCHlyFpbgjIjjAJ78n24ryXWdev9VvWubiRkEhAVM4VF7D3HPf1PqazLebUdSaaZI3KschzyWPuTnPvTpbaRUklkUtKF2ocHG7PPJ68D8yD1rJyubKFlcqSSMrEvIdy8BVAI/MfyqJ5T5O5gp3HIIfJ9+nT8u9MeylWQ4Qs3Gc9PWlFvcKCNgKkdwKLoLNlmG4VI1kV2VsdVPC8kdPpU9tr+o6bOstrqN3G6tkbHOPXkdCPbvWe0DRjmJgP0zUUiM3zR8EckL/hQmJxa3Pa/BvxJTW5odP1ZUgvJTshkUbVlPYexJ/DJAFd+6Yr5UjEmN277o3E56c19E+AtZm13wnbz3D77iImKRv7xHQ/kRzWiZm1Y3vwop7cGmHpTJEyKfEP3q/WosVLF/rV+tMDIl/1jfWo6kk/1jfWo6QD1qZBUCmpWkEcEjlWbapOF6nigDl/Fvi06TGLW1TfcS8D/AGfqMdDg4x6V5xYaXL4j1OPziRCuPMIwO3AH4de/XPPTT8VQvNcSXM5kM8m9SypgYDYI/wBnAIH+RnufCPhdtO0cSy4MsrZAQYH/ANb8qwqydrI6qEE3d7DLbR7S1ijiSNUCAAbeKr3Gk2Um5SgK4wMjJravojHgqT05IHFZLswPUnmuPVHo2UjEbRIAzDywBnI5JqE6ZGBjYp9OK32GR/8AWqHAHVD9altsuKSMB9KQoVaNcYxxWNdeHl3Fow3HTBwRXatGMZJx+FQNED1/xpqUlsEoRktUeXXEPkTeUzOGyc/Jx7GvTPhJqX2PUJ9NeRTDdLvUFjlXUeh6ZGfyFct4q0xVVblBhujYpmkSFHifc0UkTqwAbjcOn0PH44/LvpS5lc8mtT5JNH0LIuDUX0oS5S4tYpkO5ZEDA9Mgim7xWxzi4NOi/wBcv1qNpBiiGQecv1oAx2k/eNz3petVX4kb61YgO5RUKVy3GxIBUuzfGyeoIpgqWP7wqiTg7/TorrVoYZkCw2tzwNuAwB45PPQnP0r0mSQC1jwMA88VymqW4gECFFHI5L45XqQPzzn0FdGC0ljGNoyqDiuepozrpaxMi+Db26kHO30FY0g65HTtW/JGJIg3JIyOe9ZVwgDEAAZ9K55K52wehT3cZJpu0luefwqTYVXJ7nAqQBI8s5A+tTymlypKDjPA+vaoVTJJA/I1am1PTYkwblCx/hB5qqLqKT51yFPAY8A0nFoOdGXrtq09qEBAPUE1Ba6Zssnu5MgrkFiQMHPQ556ZHPp2rU1eMyWPmR/NJGQyjqD7Gq4u40sncgFpQS0SsPl4X04z0/P3rrw+xwYv4kem6cM6TaYUqPJXgjpxUu0inabA0OkWcT53LCgOfXFTFK6DhKu0mnQofNX61NsqSJP3q/WgDmJPvt9altuhqOT/AFjfWpIBhazjuaS2LFSpyeuKiFEqu1tKsf8ArGRgv1xxVt2VyYq7SOa8QXkyfJl2jzvBA3ArgHqDg9TyPWuymdYrXzIwuNgIyeOa5Awre+D7OWQRlmTbknDZVzj69D0rcv8AzG0W22PtKop3BvYD05rllPmVzvVPkk4nHa7qN+JGCXi26qMliM4H4VjW+rujDzr4yKWxvGcVsXmlWAsHW6uN1zM29y6ByGz1TIyOg6YPY8YrnY9JluJYre0hc28TEqzjaMnr/IVC5bGtpX0R26Ksluk28FDgA+tZ2sX8VpFuKM5xgKoyTWg9lJaaLDH0+lYk0BuVKyDqMc8jFRezN+W6Oa+1wyzLPcW+1ZT8gCbs/mCD0PSujtLiFpWt1ZQ6gYUqUYexU4I4GRxUEemQW0imSFJlHQEdPpWgUjmcMluseOhxz9O9NyTWhmoyT1GayrJo9wY1w5XIycVkaLBNeWomklbyopD04YnAz7jn+QrevIBJYyxBFG5CMAY7VVtHCRG1cLHsXcgU4HzfNjHAwM4/CnGTjGyF7NTmmz0/QJ3utAtJZHLuVILE5JwSOv4VdIrP8MQPb+FtOSTG4wh+P9r5h/OtM12w+FHmVLc7sM206MfvVop0Q/eLVGdjkX/1jfWpovu1C/8ArG+tTRdKzjuXLYmFSKcHiohTwa0IOT163u7K70w2heOKGZgHAyFBffnv2fH4V17Iv2SJIUYgDCCQ889M/XPX3oMazRSRkAl028jg80kF0qLIz8beTvJJ64zn8j61xShyNo9JVfaRT6mTq9lHa/wjIHJFZGjTQy6oqMdzckIB6VL4s1VIJ3WWQKM7RnuaydBlitbj7cjbJGzhsjgEEd6m2p0bQ1Ov10OlnE4UhHUHaw6VzH71QWEeefu06XxIosza3txNLJuJWSRF/L5QOPwzWLc6xc3L7raQLGvAZT978abWoRaUbGn56C4EUybCeQR0NaH2cIEYEMpGeK5aTUfOtVWUMJAMq2Oa2NHvzPass2VkiOOhwfTH61NiuZWsWbt9qE568e9ZZsZZ7qG6HEaqiogU5kOB/WtC+kBiBUnORgDqfauq8PeHLu3uo7nUMgRAFEbBJbHU49Ov1pxg5aIxdVQu2dRbQC0soLYHIhjWPPrgYpTTjSV3HlPUSpIh+8WmU+L/AFi0wOQf/WN9amj6VC/+sb61Mn3aiJUtiQU8VGKeKszJUrN1mPbbTFU++h5XI5OP14rSWi5hFxbsm4qeuR+v6VFSN4mtKXLJHnniW1Oo3FtqRXdGVJ2Z4DHHp6YIpdE1GG4uodEFgYbl1Lxy3Em2JsehAz26exrUiRZVuLUvv8ty6+gHcD2BGfxq/YWFhcWTwXsCyKmWQ45HrXItHZnpbq5l3PhHWrp5X+y2fyJvxuznkgD68VcTwfcWcO6+vY4IQqMzRKAoBOPvH6elU7jVr+xnkjt9TuirAjLOD1Oep561nHGphDdXMszIxCiSQtj6ZOBR7pfLUfVJGfrayG+NrpdwLu2RP30sqKRv9FI61dsY1stPEsinzJBtPvtB/wAaueRFDGymP93GM4HP41lXNwkjqIwzIrbsKckkdAO/cdvWpWrFK0UTxZkuLdZcbdyhvfkHH8vzr2l/SvFIHQQxXCAfeyCPbA9M/wAPvXtb11UeqOHEdGRUd6U0VscwAVJEP3i/Wm0+MfvF+tAjjn/1rfWpV6VE3+tb61KvSoiXMkFPFMHSnCrMyVanjBOcDPB4qBRWb4q1F9J8NPeW7K0yXEQ2hiCMMHxx13BGTHfd7Ghq6GnZoyNUhWzu1khjTYzHkL93jnd29SD+HuUsZhHZK47A5JYEHHHP9Kd/aVvqlktzbsHjlTJX27iq8gZbDZGpeHcOclmXnqcnnr+lcStLRnpax1Wxn6zZRzvvUDcRngHrTbULaLgRg8Yz6Vk3GuxrIYGEkbdCzDOT/nH/ANai31hZpWhRJhJGw3fJ3yBz6DmnyM0VaJd1HUSEUCI4LDJxx3wDz7f5FZGkCWS9k27TIJNxbO4KOcD9T+laN/u1QIkEHkozBnDjPG3nHTHPPPcZ+t21to7C18pACQOSTk/jSbUFYmzqSv0I5UEMAjVcKmAPevZoZ4ry1iuYG3xSqGVvY14drd6ljYSy7vmCkDJ6ntXU/C/W2g0WzsL0sgkLJGpjbkqA27ceMBXjXHpt962w12mc+MsrI9HIoxUhQ+lJitzjG1JF/rFpuKfH/rFoEcYeZW+tTKOKjWKTcTtNSTuLO1e4m+WNBk5YDP0yQKiGpciQA4qRFLEAAknoBXNQeJzc36pDFF9n3ZAIdpJUHDFVAGOQRnJ24yQc4rVN4NSFxYC3Z4Z2MalAJFZGQmNgCMqxHGcFRuJ3MpAXdU29zJysXbK9huL+a3EcxW3UPK+3AIzj5M/ePXoCOMZ5FM1pprm0VX2i4iuLdj5ZIAKytHkYYccfeyoPr/ApHp6aZpMllDEwj/eu6OgLbzHMj5OORgpjK524JGGJWSXLTyqBuLTo6gdz9uPI4bJ9wrH/AG6uMUiW7nkayN4a1aSz8wNatNIqAMDs2yMmDgnH3c89iK6S21IJtdTwex9Kq63B9qiuLO+Zd8b3ZhJkBMbER3AIDMWyfmGAin5iDjmsPT55bZ5bO5XbJCxjdSclWBwf1FefiKXI7o9XDVOePKzqL63trr52iXkfMT0qtBp1qoGNi8cfLSW8gbKB/oDV5YmMZJYDHOc1gpHRyETtFbqfL5J6NxWe8vlgyzMMY6U/ULiOBCXJY561yOqahJODGDtTp7mi3Mx35Fcj1K7/ALY1S3s1z5HmDd8wHHc5PA4zya7exto7OO5iJHlHyzKIypdQFlyAeoJaJRyFJzjDMcjmPC+iSXKXN20EoZ08m3fcFWTzD5LAZGGIaRO44yOpGOlttdsbq+j+06jF5kjDehkJ2N9qOQP3jEnZK33duRn5wM59KhDlieTiJ80jrbfxre6SYLTU7SO4RIwZJrV2lZFAyScAg4GO45P1Ndjp+pWWqxeZaTq5CqXjPDx5GQGU8qfrXk2o2sl9ozWvnoGkTdHCyh/PuCu9mBxgYL4PbuMAjGZA0VpBbS+Wsfm+ZcIrO6qv+jo+QhJU/N3DL/wHAxq4JmKZ7uUpY1/eD615PaeLdY09yFu3lQM5xdHeZAuBngfImSfmGRgr7mup0Xx+l3Kkeo6dNasx2h4syKWAyQQBkHnoM474rNwaHc//2Q==,b3e49a8f-e161-e811-a96a-000d3a1b913d,1,,,Jim,TRUE,,Jim Glynn (sample),Male,,Default Value,,,1,Owner,,Glynn (sample),,Default Value,,,Single,FALSE,FALSE,,,,,,,FALSE,,,Any,Morning,,,Competitor,,,FALSE,Default Value,,Active,Active,,,Default Value,,4,,,456955,,,Jim Glynn (sample),,,,,60db8c35-df61-e811-a96a-000d3a1b913d,,,,e5d20466-d661-e811-a96a-000d3a1b913d,,
"4948 West Th St
Seattle, WA 73683
U.S.",,Seattle,U.S.,,,,,,,,WA,4948 West Th St,,,,,73683,,Default Value,,,,,,,,,,,,,,,,,,,,,,,,,,,,,,,,,,,,,,,,,,,,,,FALSE,11/22/1984 0:00,555-0108,,,,,09028ae3-df61-e811-a96c-000d3a1c9c85,FALSE,,,Default Value,,,FALSE,FALSE,FALSE,FALSE,FALSE,FALSE,Default Value,someone_i@example.com,,,,/9j/4AAQSkZJRgABAQEAYABgAAD/2wBDAAgGBgcGBQgHBwcJCQgKDBQNDAsLDBkSEw8UHRofHh0aHBwgJC4nICIsIxwcKDcpLDAxNDQ0Hyc5PTgyPC4zNDL/2wBDAQkJCQwLDBgNDRgyIRwhMjIyMjIyMjIyMjIyMjIyMjIyMjIyMjIyMjIyMjIyMjIyMjIyMjIyMjIyMjIyMjIyMjL/wAARCAB7AHsDASIAAhEBAxEB/8QAHwAAAQUBAQEBAQEAAAAAAAAAAAECAwQFBgcICQoL/8QAtRAAAgEDAwIEAwUFBAQAAAF9AQIDAAQRBRIhMUEGE1FhByJxFDKBkaEII0KxwRVS0fAkM2JyggkKFhcYGRolJicoKSo0NTY3ODk6Q0RFRkdISUpTVFVWV1hZWmNkZWZnaGlqc3R1dnd4eXqDhIWGh4iJipKTlJWWl5iZmqKjpKWmp6ipqrKztLW2t7i5usLDxMXGx8jJytLT1NXW19jZ2uHi4+Tl5ufo6erx8vP09fb3+Pn6/8QAHwEAAwEBAQEBAQEBAQAAAAAAAAECAwQFBgcICQoL/8QAtREAAgECBAQDBAcFBAQAAQJ3AAECAxEEBSExBhJBUQdhcRMiMoEIFEKRobHBCSMzUvAVYnLRChYkNOEl8RcYGRomJygpKjU2Nzg5OkNERUZHSElKU1RVVldYWVpjZGVmZ2hpanN0dXZ3eHl6goOEhYaHiImKkpOUlZaXmJmaoqOkpaanqKmqsrO0tba3uLm6wsPExcbHyMnK0tPU1dbX2Nna4uPk5ebn6Onq8vP09fb3+Pn6/9oADAMBAAIRAxEAPwDPeeUSuN7dT3p6zy/32/OmOn71+O5pyrUGpOtxJ/fb86kE8n99qhVKmVKYh6zSf32qT7Q6jJdsDvTVj7VR1SYwwsAcKql5G9BQAzUPEsenRl5HJA6BTya8v1vWLnUdSku0aRQ5z1PAq+kU/ibU5JclbONsKP71bMuiwpEAkYG0cDFZyqxi7GsKMpq5zVipvo85cS91zw30961bFLhGMBZyGU7QT971FReQbOctj5Q3auiNsJYo3jA3HDxn1ojK4pQcTmopb/S7tbi0nmEZ5+Vjx9a9E8MfEbVoCv2mV721yA6n78fuPWuXZDsuiqZaPEuw9COjD+VFmgtCt7bANbuQcHqp7qapNmdkfQ2n6nDqVqlzaXAljYZ4PI9jVsNJ/eNeZeGtQNmBeWmTHn99CDwR6j3r0u3ljuYEmjO5HGVYVrCXMjOUeVkm6T+8aduk/vmgLTgvFWQeOtYTea/ydzUi6fN/d/Su2fTVErfKOtOGnKP4RXn+1Z3+zRxY0+YdhT1spPSuxNgo/hFNFiufuin7Vh7NHMR6fIelcP4+Mtrp62cQJnvHAwPQV7PFZr/dHNeP+O7m0Xxa1vcybPJjCoAfWmqjuHs0yDQtNSw01IsjcBlsetXpoAynFUNNnDHyUbdgcHNM1W9jtR/pDlFH+1XPq5HddRhoZ2owFJSOMEjmpdJuTLYtbknMY8yP88MP1qM3NlcRrJDMWPUfNUdq6wXFuo53bgfpiuiGiOOo7l+3kW7uGk6FVZWUdwR1/Sqel3It32yj9wzFJF/Hg/59aisSYp2lUnkk0jKpMzoflYgnHY1qc7Os0W7ex1FoHPyk4+voa9M8LagFmewdvlPzw8/mK8finNxa207f61R5TkdyOh/LFdppmomP7JeIRmNhuwam/LJMbjzRser4z0p4HFRwyCWFZU5DqCMVMOldRymCzjzW+tHmCs5rn525HWk+0+/615lj0rmgZBTQ4qj9o96QT+9NIVzRMyojOxAVRk+wHWvF/EOnR6xr82obUdnf5C3UDtXoniO9aDQbl0YhiAuR2BIzXlz30z3QaEbip+UetJtp6G1KEZK8jotI0GKxUzOcyOeT2B9qz9a0mLUpgwCuycYIzVq31HV3kR4vKCLwUdf61WubueLVfOn2ASYBCdKm73N1FPToYl3osUUSyGNFZBwVHSsmWUxzQqO2Rn0rutUMTWQZSMmvOml3aon1P0ram7o5a8VF6GlE2NQt1H3CrKT7n/8AVUlsxMksDD5s8e9UVZvOODyPmU1ouqz+Xcw43k/MM1u9jkLdrujWaAZ5wyg+tbWkzhobmLcfkO4fzrIkUM8coyCV2lh3qxpM4+24IwXBVh74qXqi1oz2/wAIXv23REBbLR/LXQAcV538O70eZcW27jPT0r0YdK6abvE5aitI83a4+c89zSi496z2c7z9TSiSuPlOy5o+fnoaUTe9Z3nADJYAeuaUXKHo+aNFuGrDXXEui3Knptz+VeY2UZbUooXuDDGcsZQM/hXoGsXAOlXATJZoyAK4PTLdr6JWOQQce9RO250UL/CdJb2sVuqvba55khwSjxZB/WszV9QNy0cT2xMvP7yMfKMHH61s6Tp32cjgOfer17ZmVeVGfYVHNG2xu4u+5zN0JP7OCk8ha4h4i0jyjlk+YfXNej3VuDAynsK4qaARXssZ4EgIH1p0ZdDCvG+pSg3SDzVOWX7yjt71qIUyGhOA+Dg9z3rCmik8zMbFHHHy1bsJmnXyZjiVTw3THvXRfQ5LHQJMCpVl+U8MD69jSHfBOlymcDG7+lPRh9nZrhM7F5IHIqxZuoQxECRcYwe4ovZD6nR+ENRFr4mifd+6uFIyD19P5V7fE4aJWx1FfNsTfYL23liZjHHKGRj29Qa+gdNu1m023k/vIDV05WRjVhezPKnuSHbnuaja82gsTwPSqkm7zX57mq8+4lYu7Ht6VMrRV2bRvJ2Rbspp72fzJfuDhV9q6i1EcVu7sg+UZbjPFY1nahI02jGK0GldIiRxXGnd3Z2tdEc5ffELTzD5KwEyFgoO3g+9Y0Zne8ka0t3eBjvBQcD2rpG0XTFY3Rs4RITnIWqdzrtjbMUiYEgYKR8020yo6Esd1dWlv501u0ajhmyOKd/b8LLgMPc1yuseJZEuVsg6iOdOfm5+hFVkuN0eP5UnAOe5uX2rpztYYPpXF6tdl3LJwQck1fncc8mse4TzgwU5x1xV046mNWTsRpeif58Ybow9anhBM6sgywPH0rOMJjXAPI64q1ZXbQyDeMgd66LdUcqfc6pZTNp07R4edY+F/vD0rIF0Ps8U8EjAr8pBOfzrSgtJ5z9pt3Rs8lR97PtWJcJ5c80f3VdzgHtRHXQJaamvBqi3XXGT8sifyIr2Xw74pii8P2aPJ8ypg8+5r51hE6XBjI+YHjHcV3lmtw1pEVbAK8Ck04satJGjHdh5H5HU1f0+3a5n83HA4FcvYSHcdzYyT1rtdI1TTExGbhAVXJyayrSbtE6KKSvI01RIhhiB6UOA8ZG7is3WL4IN8BDM33QDmssz3s0bCV9o9FqIQctkVOaiYfjXWzbw/Zrecs54JHSvOEv7qO485Jj5nqeRWn4glaXUZFJPB7mstYOA7cJ2966IJRRzTnJu5Hd3txeXP2iZsyAAAgYrprG8+0WaSDqRhvrXJty7HsPStLRrgoXh/vcrVVI3joKlO0teprTmedtkKHJ70LGLL90xDzScBBzz7moVlkU4QkuePl5Nd14O+G2p6s39oX4NrC/3dwyxHt6VldRWpU22zhZtPmLGC3ikmlc8hBk1qaf8P/EWoLlbJkBIxuYCvorRPCmk6PAIra2Unq7sAWJ+tbX2SJT8iKB/u1m6z6GTseE6N8L/ABJapuFxDtPKozHI/HFLqPgfXlGb7TlkPTzIDnHvXvKKBgMoHuO1TmPI7Mv1oU29RczWh8ryaRJYzpDKCSrHYzDH4EV0ENzshVdqDA9K9k8QeE9O1uJlmgUSYOJFGDn1PrXldz4V12zuZLdIWkWM4VsdR2rdSvuNNdDgJZIo9T+z3cxXaSRsfHPpx6jNXtSktBOh06wlfcoVEd2JJHOQc1HpWnm+vJZCAi7/ALxXkEHORXfWnhuzu1SSaSVpA24MHIOcYrmlL3kdkYNxucVPdwaTBBcJeyNO53XFtIcmP6Guo0+b7U+V5jC7j9KxvGfhZ7W6trmBftKsRGoYZKnsD6iul0ixfTtLJuAPOk5YDtTlV9nT31M+Ruep5Lrq7tbmXPymTnFLcCOSQQrhABge1XfFVk1pqjOB8knzKfWsVG+fcW5Petab5oKRnPRtCzaeRxGytjrzWr4e0C71O8W3t1UO2Cz9kX1NUzcoI9wwcDntXsHw+0BP+EehlLFGuj5sm0ckdh+Qqa1WUI6bhGEbnSeC/B2g6WglRFur7GWmmG7n2HQCu3Ee1s8H3zWfY2UNr/q12nGK0lOeK5E29ZbinvoPRdvOTzUwaoc4pQ+Kq9jNosAg05Xwcdj0quHxS+ZVcwiV8Px3puz161Gz556U3zTjrT57BY+cNC4Un1c16BpbfIMVwWkDAXHqa7vSh+6/CiXxs9SK/don1FFmRAxHDZ+lZ13LtUofwrRvR+5NYt//AKvPtXJiHqhWOI8WMj2672GQeDXFnpuHSug8XM25Bk1lFR9gXiu/D6U0clTWRoeFNAm8R61FBtP2VDumcdAPT8a+jNMt4rW3jhhQLHGNqgeleefC2CJfDrzKgEjync3c8CvSrfhVrGvUblbsCVkaMTYqwHx3qklWl6Vjchok3+9KG96YKKaZI8PS76jpKaYh7SfL1pgk4601/u00dKlsqx//2Q==,b2e49a8f-e161-e811-a96a-000d3a1b913d,1,,,Rene,TRUE,,Rene Valdes (sample),Female,,Default Value,,,1,Purchasing Assistant,,Valdes (sample),,Default Value,,,Single,FALSE,FALSE,,,,,,,FALSE,,,Any,Morning,,,Competitor,,,FALSE,Default Value,,Active,Active,,,Default Value,,4,,,456954,,,Rene Valdes (sample),,,,,60db8c35-df61-e811-a96a-000d3a1b913d,,,,e5d20466-d661-e811-a96a-000d3a1b913d,,
"7723 Firestone Drive
Redmond, WA 32147
U.S.",,Redmond,U.S.,,,,,,,,WA,7723 Firestone Drive,,,,,32147,,Default Value,,,,,,,,,,,,,,,,,,,,,,,,,,,,,,,,,,,,,,,,,10/20/2005 0:00,,,,,FALSE,7/5/1966 0:00,555-0107,,,,,07028ae3-df61-e811-a96c-000d3a1c9c85,FALSE,,,Default Value,,,FALSE,FALSE,FALSE,FALSE,FALSE,FALSE,Default Value,someone_h@example.com,,,,/9j/4AAQSkZJRgABAQEAYABgAAD/2wBDAAgGBgcGBQgHBwcJCQgKDBQNDAsLDBkSEw8UHRofHh0aHBwgJC4nICIsIxwcKDcpLDAxNDQ0Hyc5PTgyPC4zNDL/2wBDAQkJCQwLDBgNDRgyIRwhMjIyMjIyMjIyMjIyMjIyMjIyMjIyMjIyMjIyMjIyMjIyMjIyMjIyMjIyMjIyMjIyMjL/wAARCACQAJADASIAAhEBAxEB/8QAHwAAAQUBAQEBAQEAAAAAAAAAAAECAwQFBgcICQoL/8QAtRAAAgEDAwIEAwUFBAQAAAF9AQIDAAQRBRIhMUEGE1FhByJxFDKBkaEII0KxwRVS0fAkM2JyggkKFhcYGRolJicoKSo0NTY3ODk6Q0RFRkdISUpTVFVWV1hZWmNkZWZnaGlqc3R1dnd4eXqDhIWGh4iJipKTlJWWl5iZmqKjpKWmp6ipqrKztLW2t7i5usLDxMXGx8jJytLT1NXW19jZ2uHi4+Tl5ufo6erx8vP09fb3+Pn6/8QAHwEAAwEBAQEBAQEBAQAAAAAAAAECAwQFBgcICQoL/8QAtREAAgECBAQDBAcFBAQAAQJ3AAECAxEEBSExBhJBUQdhcRMiMoEIFEKRobHBCSMzUvAVYnLRChYkNOEl8RcYGRomJygpKjU2Nzg5OkNERUZHSElKU1RVVldYWVpjZGVmZ2hpanN0dXZ3eHl6goOEhYaHiImKkpOUlZaXmJmaoqOkpaanqKmqsrO0tba3uLm6wsPExcbHyMnK0tPU1dbX2Nna4uPk5ebn6Onq8vP09fb3+Pn6/9oADAMBAAIRAxEAPwD07TefG+pHPZePwrY1gnzLMA/8tc/oayLdUsfEF7qEsgCSkDHpgYrOuNdGseIo1tZN1tAQvHQt3rVrUzT0OzsjmE/WrJ6Vgx6pHaak9tJKiAxhwrHFWf7Yga2dxcRAgcfMKlxdylJWOPv5D/adzyf9Yawb/Q4tQuDKzkE+9XJZkuLmSUXQ3M5LD8ac6OlwqrMGQ9/Sk4O4lKxpaNB9kiSAEkKKwtWBPiaMgnqKuJqQtbsRvOPYisfVdWtobk3UkoJBwCB1pcrW4J3Z04LZ69hWNrGjS6jMJFmZcdqyJPH2kQRhjcMz91EZ49s1B/wsvScAgTt64Uf1NZ8uty1dHbeGbN7KNYXcsR3Nad6T5x5ri9J8d6XdXUapOYWYZAnXbn8en61v3GqFnJOPrWsE7ESZ2+h5/sqPPqf51o1g+F777VpuMAbCcc9a21kDKSO1DWpSehwXjBn/ALX4bgAcVlwscDmp/EIl1TXJFjmWMKcdc1g+TdefJCLkDZ3zWqRm2dKrfL96msx/vVysd3dlnQTkbOOT1pseo3ZjabzuFOCM07iPQNU0uK/JiluWw56A4rmbC1HhrWTatBMySOHRwueK6bRtET/hI725llklCykorsSF+lb+oRxC6gJQE4bnHtUtpaDs2rmF5X9oXrXkMW7y12gsveiyNzqEskU1iLfBwGKda6q0RFgG1QM+lT7R6CpcylE4c+AU+2faftWTnO0xivPPFOqW2jalLZ28wklDbZDH91T6H39s8V2/xP8AG7eH7H+zrA/6ZMuZJAf9Uvt/tH9Bz6V89vdzOGl8z52UqXePceedwJ4/r09eIlUeyLjTW7Ne/wDFLGLy4ZO/L4BK89h6dOcVgXGoNPnzJcknjjJXHrVB4iUGH5x8xJAz/kdqgEGQdr49j1qLdyr9i2Xlzxg4/udvTr6e1KkuxhugGB7AH9P8agUbHyM5HqAauAN5YOB06gYA/CqRJpWey4B8l/LlVMqCQQcH19ee2c10eia9JZSRwTOHtw214jwUOTkex/T6VyStcJslyWAGc7Bx9cVo+cZvLlV8K3yMM5XJ6fTsPbAHQgC0DPefsp/s6OXTkJgnUMstvOwBz7VYHhrWLmyQQXrW6kcoZWIrlvhn4hhtdSfR70hLe5wbbzHOEkz9wZ4+bPB454xyK9kChRhQAPaqc7GfIebnwhe6ZbvLPGt2epKTMhx9Ko2uhzX90fs8JhGMlWc4r1V0WRdrjIPaoY7K3hYtHEqse4FCqdw5Dyq98K6rbEuwQRDkhWrOt7JZBJEEwR1BevW9SsRcREGRgD2rLt/CVgD5mz5jznNPmRPK7lzSAPt122eshqzqBAuYs/3TVbRR/pN0f+mhq1fgGdc9lNS/iKXwly3/ANQmPSpajg4gX6VFqN2LDTLq8K7vIheXaO+0E4/Ss2aI+aPiLfvfeI9QvGcNHJcMkRHdV+VcD6D/ADmuYg0sSRNO6qSpwVxjBx1P5Vp6ksmq6wkGd6qwUDr9T+NdadJSzgEQXcSPnJ9e/wCtcznZep1xp8z9Dy24g2n5FO08UxVwOGUH1yK9Bn0K3nyGh+U9u1V4vB9k8hIU/wDfVWqiJdCRwzRF8kAkAcHOc1c0+MSzKkjbkLYYZ5HvivQrfwdZyDZ83TGRgVYi+GUEsqtFclTnJBGQfarjNMmVFrU5uHTRDG4EituB2sOhx/Ijn/8AVmqYhKylZFERZQUZPusPcdv84GRXs+leB7W207yXJaU8lycn27CuK1zw99gvXgkC+U7fu2IAAJ/x6Z7cdcCtE9SHG60OaUNcRxIQySxE/Mi53Yzz6/XHsfp9LeHr9tU8PWF5J/rJYVL/AO8OD+oNeGadpCoWlZB5kaksikhsgA4POQCASO/B71614DkkOk3FrIR+4m+RVHyqpA4HqMhvzrSS0uYp6nWUUUVkUQXP+roh+5SXP3R9adF9wVXQnqZWiD97cHPWQ1bvQDLz2WqWgkFrjB/5aH+dW7zBlbP92qfxEr4S9B/qV+lVdaAbQ79WAINvICCOD8pq1B/qV+lVNbz/AGLd4JH7s5wM8d+PpWcuppHofP8AaaYn9vSMuCxkwO+Oe3512OuRIkEPloqjHUd6g06wS3vw+eBudeMZJ/xyaXVJGayWbYXLPjfgYHXgZ9sdPSuGTvJHo01ZGVsXbyOtPjCh+AOlRZLAEnH4VIG4wOSPWqsbJF+2kxjOfU8V0mmD+MgnH6Vy0LyBsgr1wQRnFdHppk8npx65rWCMqq0OhSYYG096zPEOmx6hbZZQ3HII4b2q5GvzB2yCe9TyAMm3Oa2OSxwrwC18o7QirhlcsdyMCcg9+cDvzlgQOp63wTMplkjjb92I+F9t2AT16YI/CsvVDbpchpCu9AHKADcU6MOeo71PoNzLFrdq8aGS1YlMonQnjPXOO/cYFbbxOVq0j0OijtRWRZWuu1Pj+6KjufvCpU+7VdCepg+Gjua5/wCurfzq9exhpXbPIX+tYng6/juLjUIQfminYMPTmt265eQg9sfrVS+InoXbX/j3T6VHqUTT6XdxL954XUfiprkm8fWenzyWc8cheJipIHFSL8RdMYcxTAf7tZu17GiTscvb3MU0kkyuY4o1AJbjapHBP5dO3SsHUPE+mO62aXCCKI/eK8E+oPeujhe3ubfUTbqBHIzMkYXG1MnaAPp+vFeb6hLEb2aGPRBOFyTLJwp74GAetcUVeVmehdqOh08V1Z3CHyZVbHowNNI3OMYFcbb3whmJbS5LYAkKyEnIz6YBFdZYz/bo0IO2RjjaR0q3dGtOd0X7dBGf3hGD3Jq8fF2kWRW3NyhcDop6fjXNeJrS4t2RGVrmMJyEcKAewP59ax7a1u54oGtVWGZpMyAIhCrn1YE5689PrVx0M6smz1XSPEB1JS6Wzi3A4k3BhW0k3OQcg9h1Fcbo39v2skYnurK4tyPmXBWRffIGP0H1rrLbOwSPkMxJxjp+Nap3MGivq1i1wyyRMBIGG0NyCcHr+o/4FVRJJrS4sZ4XI8q6QzxhsgI3Bz9Gx+lbhAyozwf8K4Hwpb3Fpd6v5wdrOFXVZG5VsHse/SlKT0iOMFrN9DvV+JXhhn2C9kznHNu/+FJcfEvwxbNte+bd6eS/+FcxYWWmXDr8kRx06VxvxCis49RgW2QB8fNivRw9GnVnytM82c5Rjc9TTx5puoTxpaiR9x4JXGa2k1yIEK6lT9K8a8Iof7TtPrXpdyi+eCQcgdjSxVGNKfKhxk2rnPeAmY+IdedSf9fj9TXbQNI9vM7HJ8xh/wCPGuK+HA3anrjetz/jXbRZW3k9N5/nXOWzxDxJqaW/iW9DqSRJUlv4vs44lRrZjWH4vbPii+/66GsZa5pNqTsbxV4q56npWpR3xivLaMKi7opA3cHkfXlf1qneWksFx5aEKoGRxkDPNVPCD7LIZ6FjWnq+oRSXV1MB1IC/QDH9Kxkvfuzuw+sbGBNApl+c7j7dBWhpm2C4RSM/NkmsW2aS+uXcttgBIB/vGty1CRMp80HAx0oe50e7sjs7qxhms3n2qoIyd1cbHaQJduqMVIPG0/LXbRalprWFvbzzFT1KkZLZ4/KvP7mOTTLtmjLPbljg45Azx+lay2M6bWqkdPolnK14GmkLL2DdBXZeWY0IU8HtXE6HqkbbdxHsc12P2pHCgdSKcWrGNf4h2OAT+tczrkcOi+Fb60tgYopAqx4JP3iAefpn8q6djmLA9OtcZrUrTrd29w8fkWlnycfdbBLE/hsP4GtadN1ZWiclapyU2zitP8+3v0EdzJk+9R6vDLcahukZmb1NXPDsMU87zyMzAfdYcA/TI5rVurHzboNHh1Pdea93BwdOK5ndniVa0lEs+FrYpqNscV39x/rc4rmtCtdl5CcYwK6W64kIrixrvUOqhPmhc5/4YrmXWX9br+ldlyLdyem8/wA68XsvFs2hx3MWlysgmk8x3KBzngcdsViap4lvr5dl1eTSgnlJZCF64+7n+dc6pPqbSmug7X7Oa+8RX0kJQp5py+7IHPfHSqcmnW9ra/aLm8G0cBUTO4+gJ/nTvM+0aV5sxZYRIqoqAAE5wc449/wPesLWr2eYKGXYqKAEVwdoz0GOvHf60pUYLVlKpLZGvoWuzvrNtawyNHZiTBT+8TwMnv1rodVjleAIrFN7YdvQZ5P5V5zoqzXMpgtSRK3zb/7oyOa9YEsVzEXG1gxw4HQMK48Skmmjsws3ZxZQtFtBEqQONijGM8ip5Iyigxkggg1n3ui217A8E6Dk5Vu4qHS7e+0s7HjtruMLtTzY8uo9mHPfv6Csk7nXFyOx0fyhv83Pzc5PJNTaxPpltZlp3UKcABjjJ9B6n2rmrdb7UI3s3FvbRsmwyxREOB06sx59+vvW1F4X06wje4jQPdvz5rjkHHb0/wAK0T0FO99TCsLiJNRSWzL+Tn5lYEY/A9K9HhdSkTDg9ePwrhLayMGpcr8p68V1ttOWZAM4A4NZJ6kyV0bE95Ha2ss8rYjjRmYgZ4A9O9eZeILyY+HZ5ZAWn1OYKwVs7V5YgewUbfpXWa3diS3W3AGGcbyRxgc4/MD8Aa4fxHeQTarFGWZfsUDOrAZwW+Xv3GM/1HWvawNJqm5vqePjKic1BdCta3p02zXz5xjGRGvUD3P+TT7fVEnjaW5l8iA9FH3j6f8A6/5VyiTTXjmeRAY42yBwAcfXnJHt1NXo2eeVZ51jwAdqfM3IyFHy57gZJPAz1Ndft10Ob2Pc9I0e52QI9u7wqOVy53EepBrprTWjL8s5DnH3wMH8RXmovIViR5WmAAwr/mTwOmF2kg9Ny+tXINXd5UZWLRs21W75yfz6etOVOFVEJypvQ4wBTMXwHwQQGJwOvpj1/l6VDIYpSoWMqAAoAkboOR39gamQbmkHfJ6HtUFuMsTjABPGa5XFHRdljzSJI4FwB1OOP8//AF6566cSatIp5Rvl61rQSeZfSv2UHH4CobHT0vdbQsu5EPmOOxA7fQnA/Gs6r925cNzf8M6abOBXmVRLJ878cgdgf896oXWvtoXiiZAu+zdUSaPuOB8w9x+RyfqOptY42nOCFJ6lugHqa8718Wt9cXepWLs0BuihDA5GclT9CAQP93tXFbmg79TohJp3R6rZmG+gWaB0ljYB1ZehFSm3j4BI3fSvMPCnimXQbgQT5ezkPIxkofUe3t+P19Ie/SRFmt5VdHHyspzkVxuLi7Ho0pqaNjTNOSfJJw47dq3VgLR7WI4HauXsdQWA7vO2t3Ga3ItYg2MxkByOAK0ilYdREN5AqZ2jDtwOKw9b8QLpKpZWiNcahIAdkYyY1/vHt2OB3qlrni4/b1stNRbm+lOFBzsQf3m9hXH614hg0u5W3sreK5n81ZL28udzPcOMEjacBF46LzgLyK2o0k3zS2OStWcVyx3O4muitrEQ5mXyw3nEYZj/AHj/ADx0HQV5pqWoNcvcSoTuu5dq/wC4vA/Wuu8UX4TRoZbR2ZbyNVhckEkEdcjkHkD0B6VxFsoe9aUZMVqgVfc9P1OTXs1aisoQPKpwd3KRoiARxx2ykcffI6ZrStk8uNZXUl5OI0I6D1rOtwWfMn3ceZIx/u5q7BI9zKxJCs4wP9kdv5VMN7jkaCZk+VMHGCWYgqcZIyDwwGc4ORWhpscljJGFRUnlLbJnc5ySGIkA4OSOB/DnlecjNj2h/LjQBSPk3hirEjjdjPXsMepq1aSiJvkeTGflkcAMB2x/9atbKTsjO9lqYigedIBngdc+1VkBjgkbHr3qxEczy89T/Oql+5VdgPU/nWL2uaLcitTsguJvwHPrWv4WgPly3DYO9sA45AH9CT/47WQ6iLTtp6sck12WlWrWdkqbfuRKCpHQnkj8ya4sTK0UjaG9zJ8S6o1hYXXlSbZp0Fsu0HgHljkH0GP+BfjXONYzWfhbzJn2/aGRlTYf4ScEnpnDn361s6i8eolI2SQCKRnG9QOcEKMjrzn9OtVtVj8jw75EyILiSVdgb7wjwS2B2XITB+uO+BQ9zmfYalrZHMiHzF4OCK1dK1C505wpZxCT8w6r9ao2Q3PsbqOldLZ2fyg5H4rmuOR0qVjV+1xtbrNvhwwyCWwKzdS1q92GCDBB7oePzqZ7LkY2+/y//XqXTLdTqBlyxS1xIWyQA38IBHG7gkAnB2mlThzSUUOda0blLy5dDtLjC/6eVzcS7dxjYE5VSQMcYGR33dflxyVxHPd3K5+aSTGAT3J4rrtazLEyq8Z6bnRdoJPUke/zfkaXRtMEkqylNigbi2PmxgYBx9P1r08RGFNKK2OKnNyfMyjqcksUdraFw66fAEyOm45/qT+QqlbRbYreD+KRjK/0HA/rV2+QOxVVwskpI5GCF4B+hxn8aSBM3Mz7QdgWMA9sAZ/U04J2TYmx7HJEXyjzGLNyB8q/48flV8HyRhSACpMhJ6DHr2/+vVKBV+1yk42xkRn6KMt/Op5Z5Cy4+XziAG3kdgeo78g+ua2TsmyGruxftWfyWcsDv5ZhjOOAFBx0OM9SOasQyl2VQoAzxycfj6fnzWcJD0UEKhAYe/fGatI211wFyxxyOw9OcZranojOep//2Q==,b1e49a8f-e161-e811-a96a-000d3a1b913d,1,,,Paul,TRUE,,Paul Cannon (sample),Male,,Default Value,,,1,Purchasing Assistant,,Cannon (sample),,Default Value,,,Divorced,FALSE,FALSE,,,,,,,FALSE,,,Any,Morning,,,Competitor,,,FALSE,Default Value,,Active,Active,,,Default Value,,4,,,456953,,,Paul Cannon (sample),,,,,60db8c35-df61-e811-a96a-000d3a1b913d,,,,e5d20466-d661-e811-a96a-000d3a1b913d,,
"7230 Berrellesa Street
Snohomish, WA 78800
U.S.",,Snohomish,U.S.,,,,,,,,WA,7230 Berrellesa Street,,,,,78800,,Default Value,,,,,,,,,,,,,,,,,,,,,,,,,,,,,,,,,,,,,,,,,11/15/2011 0:00,,,,,FALSE,3/12/1978 0:00,555-0106,,,,,05028ae3-df61-e811-a96c-000d3a1c9c85,FALSE,,,Default Value,,,FALSE,FALSE,FALSE,FALSE,FALSE,FALSE,Default Value,someone_g@example.com,,,,/9j/4AAQSkZJRgABAQEAYABgAAD/2wBDAAgGBgcGBQgHBwcJCQgKDBQNDAsLDBkSEw8UHRofHh0aHBwgJC4nICIsIxwcKDcpLDAxNDQ0Hyc5PTgyPC4zNDL/2wBDAQkJCQwLDBgNDRgyIRwhMjIyMjIyMjIyMjIyMjIyMjIyMjIyMjIyMjIyMjIyMjIyMjIyMjIyMjIyMjIyMjIyMjL/wAARCACQAJADASIAAhEBAxEB/8QAHwAAAQUBAQEBAQEAAAAAAAAAAAECAwQFBgcICQoL/8QAtRAAAgEDAwIEAwUFBAQAAAF9AQIDAAQRBRIhMUEGE1FhByJxFDKBkaEII0KxwRVS0fAkM2JyggkKFhcYGRolJicoKSo0NTY3ODk6Q0RFRkdISUpTVFVWV1hZWmNkZWZnaGlqc3R1dnd4eXqDhIWGh4iJipKTlJWWl5iZmqKjpKWmp6ipqrKztLW2t7i5usLDxMXGx8jJytLT1NXW19jZ2uHi4+Tl5ufo6erx8vP09fb3+Pn6/8QAHwEAAwEBAQEBAQEBAQAAAAAAAAECAwQFBgcICQoL/8QAtREAAgECBAQDBAcFBAQAAQJ3AAECAxEEBSExBhJBUQdhcRMiMoEIFEKRobHBCSMzUvAVYnLRChYkNOEl8RcYGRomJygpKjU2Nzg5OkNERUZHSElKU1RVVldYWVpjZGVmZ2hpanN0dXZ3eHl6goOEhYaHiImKkpOUlZaXmJmaoqOkpaanqKmqsrO0tba3uLm6wsPExcbHyMnK0tPU1dbX2Nna4uPk5ebn6Onq8vP09fb3+Pn6/9oADAMBAAIRAxEAPwC3cXUrTMWkY89zVc3En98/nTJT+9b61FQQSmeT++fzpvnP/eP50w0lMRJ5r/3jSebJ/eNMpQKAH+a/94/nR5kn940gFVLrVtPsJ1hubqOORgflP4dfSgC7vk/vGl3yf3jWLL4t0VNypdeY69ljfH546d+M8djUC+MbD7SsbqyxY5kIOc/QZ4/HPtQB0HmSf3jSebJ/fNLG8VxEssMiyRt91lOQaRlxQAea/wDeNJ5j/wB80wnFAI6UASebJ/eNIZZP75q9aaFq18R9m0+4YH+IptH5nAres/h3q8+DcSQW6nrltzD8Bx+tLmQWZyXmyf3zSCV9wG49a9KtvhrZIM3N5PK3cIAo/rWfrfgqzs4fMtmlBH95s0cw+VnEyj9631pmKmmX9831pm2gCOjFP20u2i4DFUmsrWPEFvpDCMoZJT0UZ/U9qs61dmy0x2RgsrnavrXl1/JJeXMjl8FmJO7nGTnvzQtR2NHW/El7fT+TJN5FuWZfKhbGVzxvycH88Vjx3wEgZAo8ofLJtwR6cD8PU8Ui2Je0Lud7nnPPH50sNsER4JTjPQ+vSqAjhmaYbWQtty52ttx/j/8AW+tSO1zAlxK/VWCY6jvz79KdFZSzzZt4icjYcCtEaFqlySht5GX+6V4U+3p9OKlyRSi3sVtJ1uax2eSzxE8nyiRn6gdR0/Ku70XxhYvKtvr0slueB50EO4HPcgnj8M/lXNf8ItqkNoHiR8hNrAjgqece4zWTFFPYyCS4d1faVwVxz0GG/Wp5k9hum1uj6m0vwNoUttDdCSW8imRZI2Z8KykZBGMdq6az0TTbD/j2soIz6hBn868p+GHxEiTQptMvzJJ9i2/ZnXnMZ/5Zj12cc+jAYGK6W8+I0nK2dhj0aV/6D/GldC2PQQABwMVFNcQ26F5pkjUdS7ACvJbvxhrl5kfavJQ/wwrt/XrWRNLPcvvnmklY93Ymq1Fc9VvfGeiWTFTeCVx/DEC369K5LWvG6agvk2trIqk/fdh/KuS8oelOWP5h9aLX3J5mSzJ+9f606CxubpgsEDuT6CpGINyc+tdroPkoqnIFQ3YtK5gWfgjVbrDSGKFT/eOT+Qrdtvh3bqAbq8kkPoihR/WuvimiCZLAAetVbrXtMtV/e3kIPoGyf0o6asdj5/8AjHZ22meIbGxsYs+VbeY+4knLMe/0X0rA8MeEZtYY3FwnlxZySwI5q5481OPVvHV9crh1aURo2OiqNv8ASvQtHtlttFtkTsgz9cVE5OMVY6KFNTlqZkXg3RUi8t0kY4wSGIzU9r4N0a3csLXzCf8AnodwrZgVQ+TVh34+UEGsk5NXbOtxgnZIoW+jWFoM29qkYPIAGAKs+UqAAIv5Ueac7eOKazNyetS1c0joOyjIytGCDwQRWLqvhyx1K2ZHiAYjsMc1pFyDn1qeNt+AR3rDVPQ2lZx1R41pSS+HvEMUb/6uOQo+TgYJ25P8/wABXpbqK47xtZ+Vq7MuBuwc4wK9O0HwrLqmj2N5LdBBNAjlVTpkA13xldJs8SrC0mkc7xTxXfQ+CdOiH7x5ZT7tj+VUdU8PWkETGGPYR0+Y1opGfKzktopyp84+tKV2sR6U5B8w+tUQU5ZP3zc96li1G5hXbHMyj2p7eH9Wkldvs+xc9WYVRu7C7sj++UAeoNKyY7tFmTULic/vZ5H+rGm+YMVShJd60Y7cOVU96UlYSbZ5rLG114llABP78gA9+a9htUaGxiRxhto49K4jS9OT/hPLmHaDtm3AHqFPP8q73Ubq10+2a5u5FiiQ4JPc9gB3NYVNXoejh/dV2JBGzN6CrJjArzy6+JyRo32SxA9PNbn24H+NZ0HxI1W7m2/Zk256Rp+XU+v+RTVNpFOrFyPUPKGQRQUAHNZ2nan9vskkxtfGWHpXMeK7zU/PMdpKyIynnd9P/r1GmxtdpXO1McZGScDrk0nlbSCvSvGotK8VXjlI55HQn+KTArc0jTfFWmTFxLt5JK+ZuDZ+tTKlHdMSrzejizpPHWki701b+NArw8SH1X1/Ou38D65Zw+CtNFzcRQskZjwzAH5WK9PwrB3T32hzR3MWyV4yhGOGJXqKo+DtAgvPDdvPP5hcs+RkgffNaQehyV007o7248baRFkJM8p9EQ/1xXP6n4rW+VlghdQeNzsP5Vnaho0NuhMSlSPesMFlODXTGCZwzqSWjL3mAnOaesgLqAe9Z5ZqltS32hCFJ5HQVpymfOetXHlDd61w/iaSIRsoXLHoBWbNf6rdXbCS9mC7uiHb/KtfT7EEbnyzHqWOTWXLym/PzKyOSsrafeWMLhfda1GBRMjIauqmtUC8elYlyFjuY2B5DA/rUzlccY2Oc05JR46WSRCrSRZOV7gEf0FdZqOkWGoiN75AywgsNzYUepP5fpWfZC5uZ4LrUET7VDJLEsiDAdfUj14rRvo/tNuYXZlRvvBTgn8awT6noezcfdOD1rVvC2i3DRR6ULqVX2O6R5VOvU9cjHTrWWl+161u0WkrBFcEiMg9wcfz7nFdNdeEbF4jBbWkCRZ3YkkYgH1A9ea0tO0T+z03vMXbaFwowMelNtNFxjJO99C1okaW9qInVQcVjeJreS4mVIQFO3PtW/bDD9OvSlu4FeaMnjAxWEr2OmNrtHmk+k6xBaiddTljvCxzDHJ8gXHGNvf8qk03/hJrWSNhdtcbhmT7RIBt9MZ6jGCeB6Z716CdNtLlf3kCP9adBo1jC+5YEBHfHNW6l42sZqglK92MsZna1BljaMsMlCQcH6jiqGh3I0TU4bKOD/RXWZmlxliVYgD8gD+IrZaJEU7enpWIty7arfwyqpW3QSRNjoCg3fmefwqYXuiaiVpPyZp6jqsdwpSJXBPdgBWOIh1JqvJeFjuAOPWmfbMjrXsRhZaHzMqvM9TXtIYi43c10VrHEAuFFcIL942ypqzH4gvAVSMLkn0zSlTbLhWjHc6Cdo0kZhgc1AddNuMKFP1Nc9e6jOXYBO/rWSZriV+RQqfcp1Ox3EOvT3TbSUA9hRcZZNxOa5/SBJ5nNdIy7oSD6Vz1Uk9Dek21dkrRSvqNtcFyIvIyEHQsep+tWpEyC2KIGEmnwMBkqNpHoRx/n608sPJ59K52rHpxndJlaIoMmTAxVa61FAfKUjcSFBPYk4rN1S/FqruzYRRmq2jD7YhupDuDjhcdjWfN0OtRW7Ohh1DT7KdoTeW73Ea7ni8wFlHrj0rF1bxhpdjD5kh8wMcYQFiPyqq+h2a3E1zaxIlyx/1pVW9P73vWFa6PcpdlHXzUILAhRjH0FOVrGaTvpubEHiq3ecS2yy/ZnUNlh0POf6H8a1U16KQDay8+lZL6Yxtz+7VcD9K4+TzbfUfJtZWf5wHjb3OAR+NZxs0bSnyNXPT11FZ4gARTra0W91Hyv4n2qeOq46frmuf0wMAqsfm64PavS9A8Mi0uk1Ka7MxlUPHEE2iPI78nJ/Kqoxc2c+ImoJ+ZYi8JWotRH5Y6V554j0ddM1MxgYVhkV7fgYry7x+mdZi9NlerTm29TwK1KMUmjiTF7Vr+HrFZ9TgDAEbhVIx10PhZVXVIM/3h/WtbmCjqZNxprm4ZNhzmp4fC9xJgqv6V3FxpiLqBO3gmt2ysYwBlRWDmdMadzz228Mz2wLsf0p8sRjyjDmvSZbVCh47Vw+tRiO6IHpWM3fU3jHl0OXvJZ4EYQyMobqBWzHL9qsY7hTjeuTjse4/Osy8j3LU2iSEW01uTwpyvtmlOCcLl0KjVTlexleILMz2ikDdtkVmHqAckflWVpPiM2VlM17pl2iF9qSJHvB/Acj8q6m7j3KV6U6yiiMXlyIpXGMYrjTs7Hrbq5zEniW9nAazsfLVmIzMvP61Wa9168+SS7t7RA4X90Mk5I5/Wug1Nk0x/Nh3Fc8qUDVzc/jSN5vIjikDjgDYFFaWVtEapwW8rEF/peszskOn6jd7dx82ZxtXb6AEZz05q1p2jW+kJ52Gkmb5mkkOS2MYz+VbWm3MssALg/MOQaNWjCwhq55zeyGoRTvv6kWlJJc3UcIAMsrhFHTk17U2ECADheAK8s8B2/m+IIZnHyru2g+u016ldfIgYdq68LG0bnmY2XNK3YuecPLzXmfi0mbVsnoBxXoG/91nHauC8RgNf59q64bnn1dUc55YrW0QeXfxPnowNU9lXbP5ZFx1yK1uc9jvL1c3Qx1zWrbZ2iqF1t+0DnvzWjCRt4NYM64rUdMQENcLrnN7+FdldyhVPPauI1B/Numx2rOWxZj3C/LUGmELfmM5/eKR+PX+lXJ1+WotMg8y7kfONicH0PatkrwsY35ZphcnypPm6VIm2SPKH6VFqMm5Ssg2MOh7H6H+lc4+oTWUu5W6dj0NcEotOzPXhNON0dG9pHKpFwMjuC1cda6FbReJHeQqsYYMijoVPOf5VbuvGRiz+5O7tzXFXfjW5mmKom5g2QV4/GmoyasOVWCabPWjFAhBG1EX5m55NYd5ci7m2L93PJrkrbWr6+Cq42j610enx7I97khQMksa55Q5dzX23tPhO18GqkOs28ZOCVbb7nH+Ga9DnQMmDXl2htKl2l+BtCY8oEYz6k/Xp/wDrr0/zkljR1PysNwPsa7qCahqeZXknN2IyPkrhNaXN+w9K9C2qY/WuH12HbqDEdDW8dzlqbGEUq/psW+7jB6bqg8vNaWmR7bmM1qZGhqWq+XNuzwDVi28SwBPmcD8a5XVZGmLYB6+lcjfyXcJPl7qXKmS6sos9NvvEcMhKq4PHrWYknnZfPXrXnNpeTxSmW7kEcS/eZzgCn6h8TbKyjaHTLdryUDl2+VB/U1E4diqdVvc7m8mjiiZ5HVEUZJY4AqjoOt2Wo293JZyb0Sbyi+OCQAePzrxrWfEes67L/pNxiHqI0G1R+H+Nb/w+1IWd7JpsjfJdHchPaQD+o/kK1pwezFKWtz064bfuyAQRyCMisa70+GZSFzG3oeV/+tWnhtvfik2mQ4KdPatJUoyVpIUK04O8WcNqOly2+dwKqf4s5U/jWYmkNLKMgZ9a9B1XULDRrYS3jctwkSjLSHuAP8jmuTsb9r25a5ns7SyticAs7RhPbPAZvpz7Vx1MK18DOuGNje1RfcPt7SKzQM4z6ADJY+gFb+nWElxtnul2xqflh7fU+v8AKuVl8X6RpVxshV785+eVPlAHouev+eTXYaH4q0LWpFgtbkCcj/UyDa3TsO/4VjDD2d5am1TFXXLDRG/bjP4VmXPxQTQtdn0XUbN/Jg2iO4iOTtKg8g+meua20iCvlehHpXlPxNhT/hJ4mQYZrVGYj13MP5AV0JHIz3LSPGeiaxEBZX8by7d3lsdr445weccjmua8Rap/xMNuenXNeEIHdRJC22RcZGf1HpV638U6ijfvy84XjDvkgfWrSsRLmZ6h/aqg8vVu11xIpFO4Yz615xHqltqH3JjBKOqOcVrW2l3sm1lcuueoOatO25lJs//Z,b0e49a8f-e161-e811-a96a-000d3a1b913d,1,,,Robert,TRUE,,Robert Lyon (sample),Male,,Default Value,,,1,Owner,,Lyon (sample),,Default Value,,,Divorced,FALSE,FALSE,,,,,,,FALSE,,,Any,Morning,,,Competitor,,,FALSE,Default Value,,Active,Active,,,Default Value,,4,,,456952,,,Robert Lyon (sample),,,,,60db8c35-df61-e811-a96a-000d3a1b913d,,,,e5d20466-d661-e811-a96a-000d3a1b913d,,
"989 Caravelle Ct
Issaquah, WA 33597
U.S.",,Issaquah,U.S.,,,,,,,,WA,989 Caravelle Ct,,,,,33597,,Default Value,,,,,,,,,,,,,,,,,,,,,,,,,,,,,,,,,,,,,,,,,11/9/2001 0:00,,,,,FALSE,6/17/1977 0:00,555-0105,,,,,03028ae3-df61-e811-a96c-000d3a1c9c85,FALSE,,,Default Value,,,FALSE,FALSE,FALSE,FALSE,FALSE,FALSE,Default Value,someone_f@example.com,,,,/9j/4AAQSkZJRgABAQEAYABgAAD/2wBDAAgGBgcGBQgHBwcJCQgKDBQNDAsLDBkSEw8UHRofHh0aHBwgJC4nICIsIxwcKDcpLDAxNDQ0Hyc5PTgyPC4zNDL/2wBDAQkJCQwLDBgNDRgyIRwhMjIyMjIyMjIyMjIyMjIyMjIyMjIyMjIyMjIyMjIyMjIyMjIyMjIyMjIyMjIyMjIyMjL/wAARCAB8AHwDASIAAhEBAxEB/8QAHwAAAQUBAQEBAQEAAAAAAAAAAAECAwQFBgcICQoL/8QAtRAAAgEDAwIEAwUFBAQAAAF9AQIDAAQRBRIhMUEGE1FhByJxFDKBkaEII0KxwRVS0fAkM2JyggkKFhcYGRolJicoKSo0NTY3ODk6Q0RFRkdISUpTVFVWV1hZWmNkZWZnaGlqc3R1dnd4eXqDhIWGh4iJipKTlJWWl5iZmqKjpKWmp6ipqrKztLW2t7i5usLDxMXGx8jJytLT1NXW19jZ2uHi4+Tl5ufo6erx8vP09fb3+Pn6/8QAHwEAAwEBAQEBAQEBAQAAAAAAAAECAwQFBgcICQoL/8QAtREAAgECBAQDBAcFBAQAAQJ3AAECAxEEBSExBhJBUQdhcRMiMoEIFEKRobHBCSMzUvAVYnLRChYkNOEl8RcYGRomJygpKjU2Nzg5OkNERUZHSElKU1RVVldYWVpjZGVmZ2hpanN0dXZ3eHl6goOEhYaHiImKkpOUlZaXmJmaoqOkpaanqKmqsrO0tba3uLm6wsPExcbHyMnK0tPU1dbX2Nna4uPk5ebn6Onq8vP09fb3+Pn6/9oADAMBAAIRAxEAPwDllOKUn5s1GKdWBoDN8tQswp7GoWOKAGs2Kq3NzFbozyNgdh3pb27Szh8x/oB6muQu7uS6lZ3br0HpWkY3IlK2iNKbW3ZsQoAPU9ai/te5Pp+WKzBxVu0CvKoKnHfFaWMeZtlxNVuV5ZQwNXYtTibiRSn1GRSwWyquwp+YpJrQL8wXj0qLo3UJ2uXEkV1yjbvpTjVSK0aBt0Wcdx61YViX2ng1INO2o48UA0ppvSmAuaM0cUUgNccUpOFoAFNbipKI2OKjLY57U9jVLUZzBYyOOuMD8aa1E3oczq14bq7YBvkQ4Ws/pTiSacImZchcD1rdLQ5hqgFvQVr6TYvJLleVxmqUFmz8/oOtdtpWmmC383dsO3hWI5rOpOyNqFNykVEQhmDLjFTrAGZRt61OloS25sD24zV2CDay/Ka451EexChpZklrpgFvlVLbOtZdxY7X4Xaa7GyXai7c/MORVa9skbcUbnr+NYRrtPU0lQjJWOIK7dw5yDg03Fat9ZsjMw4A5NZdd8JKaueTVg6crCYpOadnFJVmZsA4WmMaUn5ajY4qBjWNYfiCbbarEM5Zuo6YrZY/N/nrVSbRm1Vw7zpBbRj5nfOCfQe9NNR1YcjnpHc5BU3NxWjHZzFRsUsMZwO1a154el0xPtEDCRRjKnnIqSx16ZH2SQIYwBlOBir501dEuhKm7TJfDenPceYPKRG7OQSwrs3tZobJFkYMegAAIP04rMsL0FmnVEQ4xwckVqeZLMrFm+QdFHIzXBXqO56eFoJK5WisSzrluT6CrsNivm7drk988CrlnbsV3y5GBx6VftwFfO4j0xyK45TZ3LRFdbR412rwOwHJqKa3Y7sY9/lroYdsirufJ9NlRT2jq+8LWTb3Ep6nHS2Xn7on43cDtXITwmC4kiLAlGK8e1elXsCq+8KQ3OSOlebXvF7cbWyN55/GvQwU+a5wY9LRkBozSGkzXcjzzXY44qJjjinscVCzUhiE1c0iyOqXbQ3E/k2FqDNJ0BY/5NUGbFVbK5uZ765sYORJgMPapmrxNKMrTRb1LVrZb6ZYY32Bdi/MSTWFZxi5vfMlQvGM52g5Bp93E+nXVzBIoJOAGz2q7pMO2Lhjh+SOlEUoQui6kpValpG7YrvSNAgXGOgxXU2lnM6LHEoC8ZNc9ZkRMu7npzXUWurrbQ4C5J/OvPrNtnrU48sUkTGG7LqsMRcZ7nArUs9O1Jmy/wBnjB9Bmqum3c9zfRiOL5F+8CcFvpVrVoZ4PESTJeS/Y/KAMaryj1jCN43ZFSTUrG1BplxEqkOGHfgVJPbOqfd4HpU1ldI27a4IXr9afPcli0MCeZMRwAelVyp6GDlK5xGtTRWvM2U3ZC9cE15bI252PYkke4r0HX/EqXOn3UNxbYKkoh7hh1rzokbq68HT5Tnxc7pIRjikxQTSV3HEarNUDNhqVmI4q5ZaRcXq7/8AVwjq7Dis7qO5VrsoAFmUBcknAFUrWeXRfEDTFeV+8O+DXcWWhwWzrLuMjDoSMCuS8S2xj16b0YA0ozjJ2K5HG0uxQ1GaK/vmliV8Oed/U1vaVYbYdx4ArL06z3Orba6qNRHabOhrKtJRVkehhqTk3ORFa2zSS4HQHiursNKV0UMvNZOlQfvV29yK6y23LL8vTFefUnqdr8i1ZadFZuDt+U9D3FSakwZWWN3LYwCSSFNWo4GlRQWPSszxBcQaNp6vIpkkkO2NF4JNRyytZGCd5XZiQSTwXSQwsdoJZye5retGZJnuQ2J0yMg4JFcnDeXc80ey2MQbviunCSxMjHHKgmobcTeoo9ThPGhCsqpwHcu59TXG9PpXU+NrxJNQS2jXHlAlvqa5QmvYwyfs9TxcU17SyA03NBptdC2OdnqdnoFrE6pDbgt/ebk1uzaQE0xlC8gjOPrXRWenRJFvVMDHepGt1Fk/+0a5eW61Oq6OLgsyzqoWsLxz4cMLWt8i8N+7f2NeiWVgA+7b3q9qWkRanpk1o6j5hlfY9qSTSuVzJySZ4fYWqrFjbyDV/YWZUHQGrF1ZvZXbRspHUH6in2q7plBXvXNUm2erBKK0NzS7MJErnr/St6zi3NVG3YLFjpgYq/psoDbdv4+lci1kRUbtoaDSLArKvXFZs7LPMjzIJBEflz/DS3l5FC0jMx2L1/OpkgSe1SVGBjP8S8j8a0km9EZL3dWPDq7JJtjWFTl1Zeg9qj1XUbJbF54lwkSlifUUkke11gFzGGI+4eDj6VxvjTUBp+j/AGQMPMnPQdhRGDlJQCTSi5djz29uWur2ad/vOxP4VWzikJ+akJr2oqysePJtu7BjTc0Gkpkn1KRstMLnB45oMeIUQ/WpWQtsQdB1pLj5UVh2YD8KxdzcbFEqdKsqAKiU96kU+lNCZwvjnSxBLHexp8sh+bHrXJxLtlVxwDXr+p2MepabJbPxuHB9DXmF1Z+RC0TKFmRtpXvmuDELlkephKnPG3YvxTDyuG6CprObauVzyayoBLCuH+YdMVat32zZX7vp6VyWXQ6Ga/kB2Yt37etRR6S6K5sbx7djztB4NTBlkVWVsDFQzyOv+rbJq03FmSbMa7hi0J31LUbx5JsdSeTXm+s6tNrGoPcy8Doi9lFdT8QtP1ONrW4mif7IV4b+6feuDJxXpYenZcz3PNxVZylYUnFJnFNzRXXY5BSaSgmm0CPrZFCrVe7X/RZPYH86t/wVWn/1Mn0P8qyaNkMjOYlPtUoOKhi+WFcVKAMH6UlsN7lTUdb07R4fN1C8itkPQyMBmuX1y1g1FU1fTXEybSWC/wAQ/vCvPfjVaRJrFpcrnzHjKtzxgE4rkPDeqajADDBqFzFEFbCI+BSnSU46lUqrpz0PQm1PMuyNDLIRhUQZJH0roPD+j31/tub6A2sfVYm+8RXM+DLG3KfaXj3zNJtLsSTjNei6XJJuaXzX+8V2Z+XH0rkVCMWdtTESaNIaTYhVQQBQOM5INSwaNZQvvVMsOhY5AqUfdb6irK/eroVKHY5HUn3K11ZwXlu9tdQJLG/BVhkGvKfF/wALXhaS+0T5ohktbdT+H+FevN/DTX7VqtNjJq7PlGRGhdkkUq6nBUjBBpua9g+J/h3TRaPqKQ+XcdymAD9a8b7CtIu5nJWHk03dQPu0lMk//9k=,afe49a8f-e161-e811-a96a-000d3a1b913d,1,,,Scott,TRUE,,Scott Konersmann (sample),Male,,Default Value,,,1,Purchasing Manager,,Konersmann (sample),,Default Value,,,Divorced,FALSE,FALSE,,,,,,,FALSE,,,Any,Morning,,,Competitor,,,FALSE,Default Value,,Active,Active,,,Default Value,,4,,,456951,,,Scott Konersmann (sample),,,,,60db8c35-df61-e811-a96a-000d3a1b913d,,,,e5d20466-d661-e811-a96a-000d3a1b913d,,
"7691 Benedict Ct.
Issaquah, WA 57065
U.S.",,Issaquah,U.S.,,,,,,,,WA,7691 Benedict Ct.,,,,,57065,,Default Value,,,,,,,,,,,,,,,,,,,,,,,,,,,,,,,,,,,,,,,,,9/14/2006 0:00,,,,,FALSE,3/7/1966 0:00,555-0104,,,,,01028ae3-df61-e811-a96c-000d3a1c9c85,FALSE,,,Default Value,,,FALSE,FALSE,FALSE,FALSE,FALSE,FALSE,Default Value,someone_e@example.com,,,,/9j/4AAQSkZJRgABAQEAYABgAAD/2wBDAAgGBgcGBQgHBwcJCQgKDBQNDAsLDBkSEw8UHRofHh0aHBwgJC4nICIsIxwcKDcpLDAxNDQ0Hyc5PTgyPC4zNDL/2wBDAQkJCQwLDBgNDRgyIRwhMjIyMjIyMjIyMjIyMjIyMjIyMjIyMjIyMjIyMjIyMjIyMjIyMjIyMjIyMjIyMjIyMjL/wAARCAB8AHwDASIAAhEBAxEB/8QAHwAAAQUBAQEBAQEAAAAAAAAAAAECAwQFBgcICQoL/8QAtRAAAgEDAwIEAwUFBAQAAAF9AQIDAAQRBRIhMUEGE1FhByJxFDKBkaEII0KxwRVS0fAkM2JyggkKFhcYGRolJicoKSo0NTY3ODk6Q0RFRkdISUpTVFVWV1hZWmNkZWZnaGlqc3R1dnd4eXqDhIWGh4iJipKTlJWWl5iZmqKjpKWmp6ipqrKztLW2t7i5usLDxMXGx8jJytLT1NXW19jZ2uHi4+Tl5ufo6erx8vP09fb3+Pn6/8QAHwEAAwEBAQEBAQEBAQAAAAAAAAECAwQFBgcICQoL/8QAtREAAgECBAQDBAcFBAQAAQJ3AAECAxEEBSExBhJBUQdhcRMiMoEIFEKRobHBCSMzUvAVYnLRChYkNOEl8RcYGRomJygpKjU2Nzg5OkNERUZHSElKU1RVVldYWVpjZGVmZ2hpanN0dXZ3eHl6goOEhYaHiImKkpOUlZaXmJmaoqOkpaanqKmqsrO0tba3uLm6wsPExcbHyMnK0tPU1dbX2Nna4uPk5ebn6Onq8vP09fb3+Pn6/9oADAMBAAIRAxEAPwCSWYrcTFpXUBypznk0KWWberuSRgjPBHtU2oBDevF8mCxI9M0wcOrFRlScY9KmwmySKRldjvcgj8BUgd4trLkgnjBpoKhMJkZ5welNSQBmyx4yOeBQA9ppD1cjr3pol2P5rzlcjGS2BWbfakLKHzGXJOQq+tcnc3st0+6Ry3oM4AqlG4HaXOvWls2w3W7P9zJxUkeq28kW8XgUHszYNefAY3Ou/d6AU8KdmWQ5znnNVyCuehRahA/yQ3SMw427sVb899qgsc/WvL8TK+6Nh1yD0IrodL8SPE6Q3y716CQdVpONgOvV37MfzqQTMOr8D35qtbsGTduBB5BHcVNxu44xSAnEzbfvnjpTopXK4LHPXrVdvu4HBPSnIxTnrigZb8xxty5GPephK2P9YfzqqGDKxP5VAl2AuCOQcUkBnyKyarckrkFiFJxjFNO6NWIU4z2qW8DLezdsMQB60xpdvO7ByM49KBDkBK75G69AvQVBOweJsrgDpj0qQn5to+UdcdKpTMF3FGx2NNIDnr15b6+ZB92PgelAs4oV5Xc/f0FWru5htVbauWY9BwSaw7zUVRv30u0noi9a0VktRbs0zNEowFRT+ApDKrbfmH0rKinaf7lscepp8kTIvKlT79KXtY3tcv2U0r2NCWKJvvqMEDp1FU57FokaWJiyjn3AqmXmRvkcgjselXbDUVZ/JuMLnjPQZqnYk6Dwlf8AnxSQ79yphgD1UV0681y+hWiWmqu0K7UmjIK9ga6YD5fQ+1ZvcCQYLbvSpSdq8VCBtXNPDfLikAwvtqsRGWJPXNE7Yl20eUTzSGTXuFu5s9S3fiqZYCXC/j2zVu+UG+cbSACWqo6gyq3UDp9aBEXCuxDAHpjPJrMvpjHEwH3utahGF+ZcH36isDUXKMwDYz3PQVeyBLU5XV9TeG48uPm5k/8AHBUWnWKCVZb2XbuPUgmodMsJZ/EzJLlhvY7sHkV132y9ju0sIdMQW2QpdhkYrCpJt2OqlBR1ZqafpMLQq8Lo6HoynIov9KVVwWA46ngVb0hRaTbBB5aM3IXOCfaq/iRy9w1usZZCuSBwT7Vy21O3m90467EMMzR+fGcdMMDiqzR7m9CPyNaCs8Nu5Ojoir25LH9KRLSSS3mmiiIIXcqMK64TtozhnTu7oueGL+dNVjtX5BBx3IH+FdzG23d83NeXeFJ3XxE13PkAZViAcD0r03I67eD0Iq7pswcWlcmLEcM30pVYqrZqFj90enNDybRgc5pkicvNuqfIHFVVOfmHFTcUAWbw/wClv8uATyDVQsq9V6AmrV2xF06vwSSMYxVaQlEyGGQPShIVypIWETBuT1JHFc1q7ZidB1IPPpXRzMGibPFczqS43ueciqGtzQ0IQ3dvZ3G1PMRSkjAYORxXYWtorfMFAAryrwtqyWGqzQzSlY5mCqO27NekteyqiRKwjVuregriqxcZHqUJqUCyyK18iDBI6Y7VkaiuNYVJl256N7VoNI0bpNaTxkqMbeDmqElte3999ouZ0RQMbBjpUdDQ0hYr5XzKGX1rPaOCF2wgAAOatrceQnl7sr0Hsaxby5VS5kcIoyWY8ACiO4TtykOm6aitMyogjdt4GMEGtzICrn8vSua07U0u/EH2W2l8yCGAn5SMFsit9mz93n+ldUFZXPNrSu7LZE4YFeO1MbhsmmqCrYHSnHFWYjlIKYFA4GKjJAXjtQCWGcUAWJ42N7NI7723nHcVBI4dMBcMBhc+tWrl/Ku3jHJDdQKo+QI3aRVADHJ/2auxnchud2zacDC4J965zUFKxYTnPfrW7I2/pk47njNYOort3HcfbnpSNI7nBXMxhmcj7ySEj65r13Rb1NR0+GY/MkiA8+vcV45efNdyY6bzXb+CtRaKya3HIU529xWNZXVzqoStI9AsbO3sl2C1ieHJbDDkVLeLaui+RZxpwfm5pLG7t7iFcsAw4IPBqa6a2jTPGAM9awu7HZZPUwoIIbJHLO7sSWJYk/hXIeLr/wArTXiLYe4IXHtXQXuqQq7BfmPoPWvPfFFw0+qlW/5ZqB+NVTV5XZjWmlGyNfwCNurPjjEJ/mK9DJPZcc1wHgYbdQmP/TL+orvgSyr710o4ZbjlkB+7xg45oDEuw24ApDt6bcGlZT0HWgkarFn9qsAHHHSqh+VuPxqcLxTAsSM7XtxI3yHJwOpxVdseUx5PH4GrWoSiO6mITnklu30rOkuSyYVQDnAHcGtrHJzFadlhhYlgq8nPTArl7lLvW7hobJdkI4aV8gV2LaCblkN458scsi8A1eezES4hiRY+m0DgV10cHzO89Eedi819nHloq7PEtb0x9J1Brdm3jAZW6ZpNJ1GXTr1JUbjIyPWu68e6QZtMTUIk+aA4kx1215tjuK5sTSVObj0PSy/FOvRjUe/U9fsJoNStVmiyrY5xwQaSeyZ1wZXx6ZrkfCGqlJvs7t1+6c4NdvdXGImJXkda8qacJHuwkpxuZUWn7rpUC8Dk157rT+ZrV0w/56EfhXq9tuWyuLl02gIWHFeOyN5kruf4iWrWjdtmFdWSR1vg/d9rmw235MV3qqVVcN05rzPQb0WNxvdN68ZGSDXpdpPFe2q3FvIGjI5x1FdKg2ro4alWMZqEtLki5PXqaewwme9Rhgy/dI9KlI7CpKIVcdAvNTqTtqsyEPkcCplY4oAk1OcNcXEZUD5jxk5pmnx/vWuSgJP3Qex9abeLv1KTK43PjAwa1beIKqjoBXqYamm+Z9D57MK8lHkj1I2V2bJY/T0poSVGyGP0q+FUUMBtrv5jwHS1vczLu2S8spoJFG2VSjD614jqWlXOmXckLocIxwccEV7w4VWwfutxn0rI1DTLe63iZASQUbI6isK+HVVHoYLMJYV66pni1vM9rcJPE2CpzXqmkajDq2mo7Y3gbW9a5LWfBd7YSvLApktz8wI5K1FostzpNwhkR1jk46cV41ehOOjWx9dhMdRqWcZbno7To2nzWj4BKFQexGK8cu7NrS6eFv4cj616xGwlhDr0IrmvEmil4VuYlBbqQCMkVy0mk7Ho1oXVzkreF3gd42+ZOcDrius8I6sYJmQqcNgSL2PvXIwTtZy+YvVGB+oroAot/J1iyXMBOJFHVD3r0KFk7r5nh4/Vcr67Pz7HoM6bWZuqEArihW2rmoLS6S80+OWJsqRkYqRW3r9KnEUvZz02YYDEe3pa6SWjFYelOAOKbkLRuasDtELBtanIYkKxPtmtiBgFrKRQbidz94y81qQIPl617tCNoI+NxtRus12LKtikZgKNg96GQe9a2ORy0KsrD5lPQ/pVYPltrdR8p9xViZB71TkQDBGc4rVI45S940bcBotjKCOhBqhd6JaXK7Qo25yMfwmtCNAtpKwznFV7MnYGyc5qHBM2hVcbWKAtvI/dFcY6ehqs0SmXYy5zxzXRTW0ckWWzn2NY8sa+T5nO5ehrxcfg4xh7aGl+h9hkua1JzWGqa9n/AJnC+JvDRtWW7gUmF2w6DqKg8Opc2t29o8Dy2koAbjjFepx2kNxagSruGR1qC7sbeKBzGmw4/hrjwtVqcT2MxoKVCb8jOtdFTSLFmil3qzbsdgKdtO7+VS2ztLpjK5yKbsG0degr1cbBKCfY+Yyeq5VpRfVXGKfm5p2CedtIEG/vUgUYrzD6I//Z,aee49a8f-e161-e811-a96a-000d3a1b913d,1,,,Sidney,TRUE,,Sidney Higa (sample),Male,,Default Value,,,1,Owner,,Higa (sample),,Default Value,,,Married,FALSE,FALSE,,,,,,,FALSE,,,Any,Morning,,,Competitor,,,FALSE,Default Value,"Phillips, Jeff",Active,Active,,,Default Value,,4,,,456950,,,Sidney Higa (sample),,,,,60db8c35-df61-e811-a96a-000d3a1b913d,,,,e5d20466-d661-e811-a96a-000d3a1b913d,,
"3747 Likins Avenue
Monroe, WA 37925
U.S.",,Monroe,U.S.,,,,,,,,WA,3747 Likins Avenue,,,,,37925,,Default Value,,,,,,,,,,,,,,,,,,,,,,,,,,,,,,,,,,,,,,,,,12/9/1992 0:00,,,,,FALSE,1/14/1962 0:00,555-0103,,,,,ff018ae3-df61-e811-a96c-000d3a1c9c85,FALSE,,,Default Value,,,FALSE,FALSE,FALSE,FALSE,FALSE,FALSE,Default Value,someone_d@example.com,,,,/9j/4AAQSkZJRgABAQEAYABgAAD/2wBDAAgGBgcGBQgHBwcJCQgKDBQNDAsLDBkSEw8UHRofHh0aHBwgJC4nICIsIxwcKDcpLDAxNDQ0Hyc5PTgyPC4zNDL/2wBDAQkJCQwLDBgNDRgyIRwhMjIyMjIyMjIyMjIyMjIyMjIyMjIyMjIyMjIyMjIyMjIyMjIyMjIyMjIyMjIyMjIyMjL/wAARCACQAJADASIAAhEBAxEB/8QAHwAAAQUBAQEBAQEAAAAAAAAAAAECAwQFBgcICQoL/8QAtRAAAgEDAwIEAwUFBAQAAAF9AQIDAAQRBRIhMUEGE1FhByJxFDKBkaEII0KxwRVS0fAkM2JyggkKFhcYGRolJicoKSo0NTY3ODk6Q0RFRkdISUpTVFVWV1hZWmNkZWZnaGlqc3R1dnd4eXqDhIWGh4iJipKTlJWWl5iZmqKjpKWmp6ipqrKztLW2t7i5usLDxMXGx8jJytLT1NXW19jZ2uHi4+Tl5ufo6erx8vP09fb3+Pn6/8QAHwEAAwEBAQEBAQEBAQAAAAAAAAECAwQFBgcICQoL/8QAtREAAgECBAQDBAcFBAQAAQJ3AAECAxEEBSExBhJBUQdhcRMiMoEIFEKRobHBCSMzUvAVYnLRChYkNOEl8RcYGRomJygpKjU2Nzg5OkNERUZHSElKU1RVVldYWVpjZGVmZ2hpanN0dXZ3eHl6goOEhYaHiImKkpOUlZaXmJmaoqOkpaanqKmqsrO0tba3uLm6wsPExcbHyMnK0tPU1dbX2Nna4uPk5ebn6Onq8vP09fb3+Pn6/9oADAMBAAIRAxEAPwDvGJ3Hmmkn1qRh8xphFQIYSfU0wk+tPIpCKAGZPqaTn1NOx7Uu00AM+b1pPm9TUpXapZiABySe1cXrfxM8P6SzRQyvfzjjbbYKj6sePyzTA6/5vWjDeprx24+MWpSMRBp8EKZyPn3Nj6kY/StXRfjBBPOkGr2fkK3HnxHcB9R/hRZgemc+ppMn3qO21PTbt9lrqFpO3YRTK38jV3yhigCtlvU00lh3NWigpu0elKwECzHoSalyx5yaa0Q6ikUleKYD/m9adGCX5NAwafGPnpAWmT5jTCtTuPmNRkVYEW0UmwGpCKUCiwDBGPSsXxL4n0vwrYfaL+T94+RFAnLyH2Hp7nip/EviC08MaJNqF0QSBtijzzI/YD/PSvmvW9avte1OW/v5TJNIeB2RewA7ClYDY8UeOtW8Tyuk0nkWWfktIz8g9Nx/iP149AK5Un6mjHO0da39F8L3OpHeRtj9TQ2orUpRbdkc+Tnt0oxn1r0m38E2iY8zcxHWrEng+zI+SMAD3rJ14mqoSPNI2lhZJEkZCOjKSCK9Q8C/Eya1nj0vxBP5lsxCxXjdYz6Oe6+/bvx0xNT8LJFCTEv0rjbq3ktJSrAgZ6VcZqWxE4OO59YYUgMpBB6EGmEV5P8ACzxs/mR+HdRmBjIxZyOen/TPP8vy9APWyKbMyLFNK5qXFG2kBBsI6VLEDvFPxTovv0gLT4yaiJ5qV15NN281YEeDTwtOxzVLW786VoN9fjG6CB3XI43AcfrigDwj4oeIDrXimS2jfNpYZiT3b+I/mMfgK4QDgtirMoJXcxyznOaidcRIB1b1qhl7QNOOo6nDDjhm5+le32WnQ2lokUagADsK89+HlirXE126/Knyg16ejRsP9YgOPUVyVpXlY6qSsrmdLFgnB61CTsPNXrgLngg1VZBjmuex0JmbcqJF6Zrltf0Vbq2cqvzjkGutmMYOPMQfVqpyCKZGVXR+x2kGri3F3FJKSseQwyS204KO0csbZVlOCpFfTfhHW18R+GbPUMjzmXZMAMYkHDfrz9DXzl4hthbatIAMA8ivSfglq7Leaho7likiC5jHZSMK355X8q7d1c8+Ss7Hr2ykIqyV5ppTNIkgxSxqd1S7KWNfmpAWGXk0zbVhh8xppFWBDt5rjPind/ZPBcsKsQ1zIsYx6feP8q7kDmvLfjHcyBtMs9p8oh5CccMeBj8M/rQgPFbojeoHGB0z070xxukiX+6uf0qW75uHJGCM8fiKt2Nmbm+2LlsKq/nVN2Q0rs9N8H6FEnhZTduyiXLlAcYHvWZe6VYQXbPFez7h93970+mKu3Gk6ndQRQLd/ZrNAN6rkM+O2c8D6fpXMp4WFtq0kwn3w87UjzuXqB83t6965dHrc6de1zs9EtZHOFuXlXqQ5ycUavLJboyKdrHirvhKylt0zKSzbQu4jGffH5VV8SLm8YAcVg9zePY5r+xUu1M19duBjPDY/KprXTtPDKtnMwlwCr7859M1Tv8ARn1OOQS3Eio23aAu4Lj0H179fw4qomgT2c8ctpdASpyf3e0Nz3H+FbaW3MrNPYyfGsDJfQSMhUumCPenfD28ex8caRIoLb5xDtGfm3jb268kflW147tzcaHBe7cPFIA3sCP8a5XwvdfYPEmmXnH+j3cUvJx91ge/0ram7xMKqtI+tv7PuGH+rI+vFKNLuD1Cj6tW7SVdkZmONIlPWRB9M1LHo4DZM2fotadKOtFkBW+xQ55Un6mni2hHSJfxFS5GetJketMAVFX7qgfQV4j8b4V/tfTbjeSTG0ZXPTbg56d94Gc/w+1e2mRFBJYADrzXzx8VdYXVfE8YicNHbQKo+XBBf5znjPRhx/UmmhM8qn/1zHsBxn6iu1+HliuoeIpVxkIFf8P/ANdcVPnzWz6c/pXofwnnhg1+8L94AAfxqZ/CXT+I9F1C0EcYwMjpWO0YJ5HSt7VtQiCkAcVxuoX0szC3gOGY9q4ZLXQ7obXZ2Wl4+zZTaTg4wa5fWw/21zj5elWY9R1TTdNtI7PT4ppIwRJJJJsBH5H+VZOs6rcSzSm2h3FsH94CoyfwoaCN7tiWEiPI0ZYbh2q/LGAmcc1y1w08csd3jYwwGVa3RqRkhQEDJHWk0Wncy/FiBvB2oN/c8sj/AL+KP615fbttbINeoeKruKPwXfxHh5TGq+53qcfkDXlsGS3FddBe6ceI+M+1tL1qHUNGsb5jtNzbxzFRzjcoOP1qdtSgH94/hXPaXafYdGsrRTkQQJGD9FAqc5q7nOaratGOkbH600asxbAiA+prLpU+9RdgbTA56mmEH1NWCvNNKj0p2GZerCRdIvDEcSeQ+w+hwcV83+KXMuu6g55LXEmMdwrED9AK+ldXVjp0ip1YqvBx1YCvnHxXHt124JXbvy+Meq5/rVRRLOKmGJnHfB56V13gJgmtFAfmMIbg++MfrXLyLmZf9psfgav+FtRFhrFtI7Da+YWY9snj9QKU1eLRcHaSPY7i2MiHPOBx9a46LV7LSNSU6ishZyeUQlU54HFdxBOrwBsDkVnWelQPezyTRqwc/MhHauKNrnZd2NG7h1Qw7bbRJ3yBy8iKOenf274xXLXFp4gw4/sdlwwVnaRSozjHf3HTNdRqplt7ECxuJoggGFWZwOOnAOP0riLm81WVir3NyxPrM+3OfSrajcuCfLuitqt7PprQW15YFpp1LL5LBgADjnpjvVnS7OVixbIjLDap7cDP61PHYReWrld0xHzsT19avW4aIhe3aom10Gk76nMfERkt9Bs7bb+8muDKD7KpB/8AQxXEaFa/bdbsLQ5xPcRx8f7TAf1rQ8X6yNZ16RomBt4B5URB4OOp9OTnn0xVj4eWLX3jjR0VSRHcxyvjsFYHP8q6qceWNjhqSvJs+pwuI1HoAKaU9qtEUwqKZlcrlPamqnzVOVFCL81AXNk00rUmKNtUUUbxcw4PHIP5c/0r51+IMItddjYhsupcfgSmP0r6Quo98LKPvYOCfXGP6188/FbKeLYYN4/drtKr1BLuw+nDCqRL3PPblQp/2lB/QD/GqEq4eWMDoTj+dXpOVwT/AADJ/CqMzA3IPZ9o/MdabGj0/wAI+IHksIorxsjHyyn+td5amGVQ6ld2Ox615R4OXz9O2kZwTXQ+dd6dKPJchD2IyPyrgm+WTO6CvFHZXSqYyQePSsGYxAn7oqBtQ1Se3OI0KkdcmsSb7e0n71VUd+ahu7NIqyNqMx8ksAo681x3i7xT5Yk06zyHYbZZP7qkdB7kd/8AI6WO3LIpLlvUdq8r1uXzdcvH9JmUY9Bx/StKMU3qZV5NLQz69o+Avhxry8vtakjcJA6W6P8AwnIZnH1BEX5+9eLjrX1N8ELVLL4c2jAHdeTTXDexDeWP0QV1s4z0L7KmecmlFtEP4f1p5lUGmmdaWgCiCIf8s1/KnLGgPCKPwqP7QvpSicZougJaKKRvummAyRl4DHjqT6Y5r5m+JV4s3i2c7QJ0k3PJjlh5cYA/NW/Ovfbq7ZTcEkHjy1B9T1/pXgGt+Hdb8U+Kr6fTtOuZLZ3bFw3yRuFODh3IXqOgOfbir5bK7IvdnESspt8HhiOfp3qg8hmucg8jkHrkj/8AUK9DT4Ta3MVM19YRk8tEkhaQD8sZ/Gpm8BWdhvEQlklHDJN1H06VnKpFGkINsl8Bae8dkN643Ddg+9dLfQYbpkfSqGj30NqBbt8rLwSRg/8A6+1arXEczH5hXDJ3d2d0dFYpW1ztGwcVXvQeTt5qaaHbJvHY0yZt6dR+VTYu+pEpSDT5J5chI0LN9AMmvFGZndnY5Zjkn1Ne1XML3GhX0CcvJbyIufUqQK8VIKsQQQQehrroLRnLXeqAV9jeDtKk0fwzptm6hGhsYUdB2k2kv+ZNfKvg7Sv7Z8XaTYNGXjlu41lAH8G4bv0zX2UiAeZju39AP6VrI5zKn83z8AnFWYlYgZNSSRAy5qZUxUIVhgjp6x81IBilHWnYZLSNwpp2DUFxnAH41bAypoIYXMhG9ieN/Qc56fl+VZN/O0ilWYn+laF0vmFmOW44wP5VlXKSKcqp59KylJsuMUjClZ0c7fmUfwms+/8A9JQyRnE0Y6Me39R/Kti4iWf0SUdDWLepcId8a/6VFyFH/LQdx9awkbwRnG1tNTiDSAq3TepwykdQarfY57L5XbeCcK/Y/X0P6c9sVOXEdzDcxE/ZrrAP+y2OD/T8vWtOMnaUlUEdCDzmptc02MVbrfGAevrTD1OTjNXpNGzct9mfAbko3Qe4Pb/P41Jrd4JXik+8pwaVrFppjlYw28h7YrljpWnahGgntVcx/uzg4bA4HI74weeOa6XYShB9Kp2lttnuf+umQf8AgK1cXbYiUb7k3hDSNO8J+I7TWoYp7lI1fam4A/Mu0/XHPBr2PR/GWi6spWO5+zzdTDcfIw/ofwNeUQnF0ls3AuASh9JAM/qM/wDfPvTpbFjID91ifkcdj6H2q/aPcy9imz24urkMrBh6g5qRa8Zs7jULdmMFxLDKn30DHn3FdXoni+7hm8nUh50WMiQD5l/xqo1EzKVKSO+xSgDNETpNEksZDI4DKR3FSBea2sZn/9k=,ade49a8f-e161-e811-a96a-000d3a1b913d,1,,,Maria,TRUE,,Maria Campbell (sample),Female,,Default Value,,,1,Purchasing Manager,,Campbell (sample),,Default Value,,,Married,FALSE,FALSE,,,,,,,FALSE,,,Any,Morning,,,Competitor,,,FALSE,Default Value,"Penor, Lori",Active,Active,,,Default Value,,4,,,456949,,,Maria Campbell (sample),,,,,60db8c35-df61-e811-a96a-000d3a1b913d,,,,e5d20466-d661-e811-a96a-000d3a1b913d,,
"5086 Nottingham Place
Duvall, WA 16982
U.S.",,Duvall,U.S.,,,,,,,,WA,5086 Nottingham Place,,,,,16982,,Default Value,,,,,,,,,,,,,,,,,,,,,,,,,,,,,,,,,,,,,,,,,1/1/2007 0:00,,,,,FALSE,4/22/1960 0:00,555-0102,,,,,fd018ae3-df61-e811-a96c-000d3a1c9c85,FALSE,,,Default Value,,,FALSE,FALSE,FALSE,FALSE,FALSE,FALSE,Default Value,someone_c@example.com,,,,/9j/4AAQSkZJRgABAQEAYABgAAD/2wBDAAgGBgcGBQgHBwcJCQgKDBQNDAsLDBkSEw8UHRofHh0aHBwgJC4nICIsIxwcKDcpLDAxNDQ0Hyc5PTgyPC4zNDL/2wBDAQkJCQwLDBgNDRgyIRwhMjIyMjIyMjIyMjIyMjIyMjIyMjIyMjIyMjIyMjIyMjIyMjIyMjIyMjIyMjIyMjIyMjL/wAARCAB8AHwDASIAAhEBAxEB/8QAHwAAAQUBAQEBAQEAAAAAAAAAAAECAwQFBgcICQoL/8QAtRAAAgEDAwIEAwUFBAQAAAF9AQIDAAQRBRIhMUEGE1FhByJxFDKBkaEII0KxwRVS0fAkM2JyggkKFhcYGRolJicoKSo0NTY3ODk6Q0RFRkdISUpTVFVWV1hZWmNkZWZnaGlqc3R1dnd4eXqDhIWGh4iJipKTlJWWl5iZmqKjpKWmp6ipqrKztLW2t7i5usLDxMXGx8jJytLT1NXW19jZ2uHi4+Tl5ufo6erx8vP09fb3+Pn6/8QAHwEAAwEBAQEBAQEBAQAAAAAAAAECAwQFBgcICQoL/8QAtREAAgECBAQDBAcFBAQAAQJ3AAECAxEEBSExBhJBUQdhcRMiMoEIFEKRobHBCSMzUvAVYnLRChYkNOEl8RcYGRomJygpKjU2Nzg5OkNERUZHSElKU1RVVldYWVpjZGVmZ2hpanN0dXZ3eHl6goOEhYaHiImKkpOUlZaXmJmaoqOkpaanqKmqsrO0tba3uLm6wsPExcbHyMnK0tPU1dbX2Nna4uPk5ebn6Onq8vP09fb3+Pn6/9oADAMBAAIRAxEAPwDzq4YiFvmPeuannKzMNx/Ouluh+5auOvD/AKQ2K5aKua1Cx5+P4j+dP889Nx/Os0EirNpDNc3CRwqWYn8K2cUjNFwSMWwM/rWhaaXfXXIUov8Aec4rY0/TrawRQ+JJv4j71t27rldkQJHTPPNc8qvY3jS7lGy8GCWLfPdPwOccCpLvQ9Fs4tryyl8dR2NdFAkrJvml2qOw7VgavqunwOyCISMep65rNSlJ7mjjGK2Obv7KCFFe0uTKD1XkEUy20e6ul3JKi57M2DUrOLh8wp5XPT2qeJbqBlJUPH3xwQK0cmkZ8qbKF/Z3ulspnRwp6MORToNaaNMBjXbWIE1oUlTz7WQYdW5K1y3iLwq+iSrPDl7CbmNu6n0NEKiejFOm46oqtrkhVgGNYWoXjzvyxx9atiMCs+6Xa1bx3MmVSzf3j+dJub+8fzobHam1qSd5djELfjXH3a4uGrsroZhb8a5W4i/fMa5aLsa1Ciib3VemTiur07TlsEx5uXfBJAqno1pCzvNMufLxtHvWujymb5UQKT95ugoqzb0RVOPVmjbW4ZchDwclmrXtUUsoH4KOM1mrOSiqG3nH0FbmjabPO6yH5V9fWuV3OqMR0+n31+v2eJ9kY6he9Z+o+B7oQrMvzBRyvevStOs0gTAWtFYA67dvHempWNvYprU8Sh0kwbQ6fL3z2rVh03y1V1+eFuM9SK7nW/D4H+kQL8w6gd6wLOzaB2kt1z13xno3/wBepbZm6fKJZaedO/fKm63f7w7LV69t7bUtJks2XMbjof4T6irMU8LWreU3yMPnTutZoLWtx8vMTdCKm+twsrWPJru1azupreT70TFTWNeDDV6J4x05RdJeouBKNrY9RXAahHsb6V305cyucE48rsZrU2nNTa6EZnoFwP3LfjXNSjdcbR1Y4rprgfuW/GubY+TdrJtzg9K46XU2mbccItLdUGASMsfU1GHLvlWCgd6huZmKb92Aw4qvbyI12lujbi5Bc+1JR6l3Wx2WiWAuHQ8hAe/U16NZQrFEqquABXFaVdmKFTbWsk6qOq4ArqdG163uW8m4gkt5F7NWLTZ2U2kdFDlVUjvVtGKp60238qSFWTnJxVfU9QezXy7e2M0n1AAqEmbuSRcZhtwehrltbs3sn+2Wq5Q/6xB6VKNR1CZ8TTxQHH3QCdtXonuZIvLnSOWNujocg1diG0ziZrkGX7RbP14ZenNKt0Pm+Ugdx2zUXiDSJ9Mu3uIFzA/LAVjrqCltgYknp2FJxMG7OxvalaR6jY+QjZfhh7V5p4l0p7FdzdM16j4SVbvWMSZBSM/KehNYnxQtFt7LKpjJFdFBe6ctZ+8eQOMUynuMUyutHOehzj9yw+tc5cLmbA9a6acfuW/Gubu8h2I7Vx0jeZNqS7bJMdlGaf4fs916rsuSyZqxYWv9o2rRu3JrT0aBY9VZTwI1C4qpXjGw4WlIuxajfRo4t0CQwYAXkZrotO1VrrRXmurEIfuBuc5rU0/S7cqsiIjg84IqxrbpbWLIkUaHGPlGKy5la1jrVOW99C54LvHax8ubnYx6+lXfEDXUUPnWyggjBx1rH8JvttXyuPmzmuoBWSLY/IrO9mdCV4nm14dai1GNLScujKCdqZANdd4fGoRPILxEA6AqCA49cdq0VhWJ/wB0mCOnSrcMZVWd25NXKaasZxpNO9zE8QIDb/dypbaa8tv7Z4L1/KXgHPSvWNZAaxmB7DcPrXOaJpiateyO6fIMBvTNSnoROF5EXw8guLvWmnbiOJTn61Y+LdtEfDjydGQjFdDokUWnXUyQoEAODjjNcV8V9RabTPJX7u4ZrqpqyOKo9TxORahqw64FRf8AAa3RieizjELVzd4PmauonX/R2rmLzh2xXJS3NqhreHmCso71pGBrTW2k/wCWco6+hrL8PY3L6iunu4yyKyr06/StakbxJptKWp2GhTf6KuOuKyfE9yVuEhOduCxPqad4ZnPkyFv+WQqvfXiXl2yNswPXFciWp6bfum74Q1WwksWj/jBIIPBzW7E4uZXSNZFI7kECsPS4dPgtE2NBvzkkMOK347m2VVKzx9PUU2jSKaWo+ynDXDQXK7Zk69s+9XLmSJVwlZGoXdo7IwnRbhfu4Iyack7PtJ46fiKiSsNO7C5t2vFaFer0+ys4dGsXVXBVcu7dMtTZ7oWUMl23KxLnHrXOnXpdemVFiMFtEdxUnlz/AIVcFcwqTUNTXsnIdmPVsk/WvOfiW7NDgeor0axG52+lee/ElNlux967I7HmPc8qkHy4qP8A4DUzCo+KpCPR51xbtXK3g+dq664X/R2rkr04dhXNS3NahoeH/lf2zXYfwVxuhNh1rrwfl/CupGJf8OXkVhrCrOubaf8Adv8A7JPQ1k+INPWDXWmgYjY/3P4WFTMpX51XOPvD1FSWzjUJdsjfMo6nqcVySi4SO+nPnjY6jQbrSo7cGfSQX4PDcE10c1+Z0X7FYQRK2eTyRWDpcUTIg2DIxkiulgEUCY2Ee9TznVGnG1zOXSIdskkqh7iUYZyOQParCQBF/wB0YH1q8SOvQVBJ8zbI+3JPasneRWiMHxNOIdH8nvK4SsPSUWGJQvPrV/xufs6WAPQFmb61kaTNuTPrzW1NHDXep1emt87fSuC+JR/0X8a7nS2+dvpXCfEj/j3/ABrpWxys8rb7tR5xxUrjFRVSJPULhf8ARWrjb4Ylau2uFxaN+NcRqHEz1y0tzWoXdDOHWuvVsKK4zQz8/wCNdgp+Ra6kYliLNZbSNb3zSQtkAnp0ql4h1mWwsmhtP9cwwzD+AVB4f3yaTGzcnceTWVZe7c2o/Eem6Bq1q9qBvCuOqng11EGoK8OwL5mOmBXmGhWguNWjj6AnJr1izSJIvLjUAL6CubQ9CE20VvLnmbL/ACKO3ersUAVFUcDvUiIGXB/GpwijgVJaPM/iytxBp9jdRrujjl2ye2a5rRtYgGyJ8qxTf6jFereKtNg1PRLi0nUeXIhB9jXz/pNvf6V4lkRsMIUZcN0dM10UbSVupxYlNS5j2TR5AzsQ2QRxiuL+JGDa/jWn4XF/pMqw3ah7aSLzomDA4Qn+lY/xDmSS0yrZGe1bWtocx5k61FgVI1R5qkSesXK4tG/GuC1FgLhxXeXbn7Eeled6ix+1vXLR3Nahc0eZY3545rpZtSSG1ZkUu+MKg5JPpXF2XD8V1Phwm4vJA/8AD0I6iupMxINYjzoklxIkm+Qqqrt4U/X61q6FamCyhiZeSvP1rb8W2KWy2FskknkuQzIcYyOnamJGsYh2jHIrKu9kb0Frc0PDKCHUpi65KAge1eh6aVWFmPQ81xOmxqtzcYGOBXUQOws1wf4RXMzuhsatt824juauKu1qhs0VYVwO1U9fuprPSZpIG2tjrS3KbsYfjDW4LdFtIn/fMcNgHAH16Vws+iE6n5vlSOxAZQTgkfQZ4qxYs8smsLK7OFj3Ddg85qnpt7c3mmC5llYzI5VXBwcLjH5V2U6SiedXqykWrxrmzi+zmIwg/OjFSHiz12/7Nc1rkb6hpXDn7UnJXGRIPb3rurK5l8RIE1Bs+QFVGQbTjA6msKVVg/eoo3b14I461u4pnPGTPJ5Mq205Ujgg8EGo812/ja2t21G2uVgjjeeLfIIxgE+uK5X7NF/dqLJGlj//2Q==,ace49a8f-e161-e811-a96a-000d3a1b913d,1,,,Nancy,TRUE,,Nancy Anderson (sample),Female,,Default Value,,,1,Purchasing Assistant,,Anderson (sample),,Default Value,,,Married,FALSE,FALSE,,,,,,,FALSE,,,Any,Morning,,,Competitor,,,FALSE,Default Value,"Harris, Phyllis",Active,Active,,,Default Value,,4,,,456948,,,Nancy Anderson (sample),,,,,60db8c35-df61-e811-a96a-000d3a1b913d,,,,e5d20466-d661-e811-a96a-000d3a1b913d,,
"5979 El Pueblo
Issaquah, WA 23382
U.S.",,Issaquah,U.S.,,,,,,,,WA,5979 El Pueblo,,,,,23382,,Default Value,,,,,,,,,,,,,,,,,,,,,,,,,,,,,,,,,,,,,,,,,2/26/2003 0:00,,,,,FALSE,12/10/1989 0:00,555-0101,,,,,fb018ae3-df61-e811-a96c-000d3a1c9c85,FALSE,,,Default Value,,,FALSE,FALSE,FALSE,FALSE,FALSE,FALSE,Default Value,someone_b@example.com,,,,/9j/4AAQSkZJRgABAQEAYABgAAD/2wBDAAgGBgcGBQgHBwcJCQgKDBQNDAsLDBkSEw8UHRofHh0aHBwgJC4nICIsIxwcKDcpLDAxNDQ0Hyc5PTgyPC4zNDL/2wBDAQkJCQwLDBgNDRgyIRwhMjIyMjIyMjIyMjIyMjIyMjIyMjIyMjIyMjIyMjIyMjIyMjIyMjIyMjIyMjIyMjIyMjL/wAARCACQAJADASIAAhEBAxEB/8QAHwAAAQUBAQEBAQEAAAAAAAAAAAECAwQFBgcICQoL/8QAtRAAAgEDAwIEAwUFBAQAAAF9AQIDAAQRBRIhMUEGE1FhByJxFDKBkaEII0KxwRVS0fAkM2JyggkKFhcYGRolJicoKSo0NTY3ODk6Q0RFRkdISUpTVFVWV1hZWmNkZWZnaGlqc3R1dnd4eXqDhIWGh4iJipKTlJWWl5iZmqKjpKWmp6ipqrKztLW2t7i5usLDxMXGx8jJytLT1NXW19jZ2uHi4+Tl5ufo6erx8vP09fb3+Pn6/8QAHwEAAwEBAQEBAQEBAQAAAAAAAAECAwQFBgcICQoL/8QAtREAAgECBAQDBAcFBAQAAQJ3AAECAxEEBSExBhJBUQdhcRMiMoEIFEKRobHBCSMzUvAVYnLRChYkNOEl8RcYGRomJygpKjU2Nzg5OkNERUZHSElKU1RVVldYWVpjZGVmZ2hpanN0dXZ3eHl6goOEhYaHiImKkpOUlZaXmJmaoqOkpaanqKmqsrO0tba3uLm6wsPExcbHyMnK0tPU1dbX2Nna4uPk5ebn6Onq8vP09fb3+Pn6/9oADAMBAAIRAxEAPwD2WKrHaq8NWewqzNEi9KdtpqdalpNlJCAYpaKztb1/TfDtg15qdysMQ4UHlnPoB1JqRmlRXjup/HeCJ2XTtILxj7slxLtz/wABAP8AOuf/AOF9a1vbzNPsSvVRHuU/mSf6U9O49ex7/LNHBG0krhEUZJJ4FV7XVLC9kMdtdwyyAZKK4zj6V8yeNPi7qniSFLRI/slsp3FI2OWPu3cf41yFprs4lV/NkDJ90qx3L9P/AK1DsCTZ9q00HJr5u0L4q+JdP8v/AImBvoV+9DdruZh7N97P4/hXsvhDx3pfiqECNxb3oGXtnbJ/4Cf4hU3QNNbnW0UtJTAKzNTUnbitOqd8AdtVB2ZFRXiSWq4hX6VPgUyD/Ur9KkpN6lJaGAmpQqOWFPbV4APvj8683L30h4LYqxBbXbctu/OtuUw5mejW2pJKcBq0klVh1rjdIgdVXdUvijxPD4U0SS/n+ZvuQxA4MjnoorOSVzSLdi94t8X2HhPTDPOxluZMrb26fekb+g9T2/IV85+Itf1LxJqLX2pTB252Rj/Vxj0Uf5989aZqusX2uahNqGozeZcSnt92Nf7ijsBn8T61kSGSf5V6Dn/69ZOXRHRGFtXuULm6jjYhAHfPVv8ACqElxI6/dIJPJ6VfuNsTiKJSzew/zxUCWtxLuZYm29MmkmhtNlTa5QNKSqHjcRnNTQQxySFl+7nIA44q2dKu/JbMTEdcYqvBGIXG58Ht2/nRdMOVrc0I1Kco3OfuP0z/AErY0qZ5LxHt7k2t2h+Ry235vc9vr27+owxh1x91v9n6elTRygBVmyP7siHp6UDPobwV8RjdXC6H4jH2bU0IRJXGBKewPo3v0P8AP0qvj5L91YJeyF4TgCXP+r7Aj29R26jjIr334Y+L5dUszoupzBtQtlBidjzPF2PuR/noapGTVmeh1Uvf4auGql4OFqo7kS2J4f8AVL9KfTIv9Uv0p9J7lI4qOyj9qtJaxikXPoKsp07V1HIS20aIpI4Ar528feKz4n8VyNA+6ztSYrf04+8344/QV7r4ivJLDwnq11G2HitZGUg4wdp5zXyuHYZY/eYcn9TWFVnRQWtzSaVWYAcoMd+9NJkuJPs9vgMfvsKzhIx+RRmRztH17mu88NaEsUYd0y7ckkcmuKtUUEenhqLqvyM3TPDDCRZWDFiehXgV10GgwdfLG7Hf863LewRVHHar8VsuMDOa4pVJzPUjRp01ZI5qXS49m0Rgqe3pXNav4fgnDP5QDYwOe9emyWsYQ9qyLq2RkYbQce1JTlFjlThNWseMXGmXFpu3KdmeD6fWo4LnJMcmD/UV6Td6apDgpw3BOK4rWtAMA82JScN96u2nWUtGeXXwrhrEohgsfB327d88qa6Lwpq9xa3CJBIVv9Pbz7Rs/fQfejPqMfyHrXIW8z204EgyDweev/16vxXYs9Qt7yNtskLhhnupOD/ntXTF2OGSuj7IsLuPUNOtryL/AFc8SyL9GGf61FfNtC1leCLhbjwlY7CNqJsUf3Vz8oP/AAHbWnqHatIr3jGT90tQHMSn2qSorf8A1K1LSe5S2OWx7YqRM+lMH0qVcehroOUzvEcD3fhXVrVBl5bSVFHuVOK+Uy+2NRn3A/AV9fsFZCpHBHNfJ/iLSbjQtYnsLpNskLdgQCDyCM9v8KwqnTRY/wAM2n2rVgzDcseAB716/YRCONQMDiuA8FWRW2+0kf6wlq9Ft0OBxjivHxEuaZ9Hg4ctNeZdiIHvVlZACCKqJwQOasqAQKiJvIWV2Kn0qjIh67c1fLRopLEBR3NZj6rDJK0VnE9069dvCj8arkbJ51EryxjBzjJ9azLnTluEbDMpx1XtWncrqvMi21uyED5Ax3fT0pIGcjbJC8Mn918c+4PenCLuRUkmjzDxVoS2A82IgqfVcZNce9xIUCMOB065r1nxxEv9ksxUcHOfSvJnwoYlQSTwK9Gk7xPExEeWWh9J/BPXBd2L6e026QW6SlT13A4P4bWjH4e1en33Ra+f/hPfSaHe2c7iNo5v3MmQQQH2ZIPttXOQckEcda+gb77oroW5xyejJ4P9StSVHD/qVqSpe5a2OWDj1qVGQj79Z8lygTIcVQGqETbeMVtc57HRMR65ryn43abDJoVrqSwE3UcwiMij+Agnn2BHH1NekQXPmJkkc1JNDBd27RXESzRt1RxkGs5GsDxTw/YaiLOHyjDDAihRvGS2O9asmpapprDz4bedGPWJufyrD12+1LT9KVLRSABgleSv4Vi3WkrNp+nX0t+915jMblE+Zos42gDk/wB7JPHH5+aqfM7ux7cq3s0krnpmnanFfJuCNG46qw5Faak7PevO9ETU7e2geVpSxBLqY2Hl8nHJ65GPzrv7OYy2m4jDAcj3rCceWVjrpTc43Od1ZJ7udhPKI7VDkgHk/wCeax5PE1xbFYLC2wN6osccRY5J4B6cn06mumuLN7mGQbyjNxuxnA/xrKm0qOazGnSLFFDHIJY3ETB1Yd85OT1/Orpyg/iM6sKi+Dcyk+IE6gGaDMW4oWIKncOo54z+NdDpmvLqY/dxkqeue1UU8M2jxCA750Db8PnbngZPqePywO1bkVkllAsaKFA9BSqSgtYDpQqtWqGN4zh3+HZmHVRnivG32iaPcMgnmvdNYiFzolzGRnKGvDZoycqVIKnGD2rsw7ujzcZG0juNP8SWlhpkMsryGRwWCovJbPJ9ua+kNN1u18RaFaapZ+YIZ1yBIu1ge4Ir5n+HHhFfGWvG2uZnS1t4wXUA5OTgYP4k8+lfT8OnwaVpVrYW4xFAgReOvv8Aiea6k7nnSVjUh/1K1JUcH+pWpKllrY+fIvFckseGUAY65qzFqhOHJNef2czbgN/Fb8U7+UMNXRZHKmz0DRNV+0cAnrXYW/K9eteZ+GJju6jrXocE58taylubQ2PPJ7NJ9TvYSuVSd1HthjUyaXIhyqRjHfaf8asvGYNf1BT3mL/99fN/Wr7SrsCmvFqaSaPqaKUqcX5GZ9jEUQyS3ertiBsZegAqtPc7mZIxkgZJq1Y8L8x6ioW5rawqqDJjsetW1tlI9R6VRdWW44OAKqtd3Pnt5JDIvXJ70LQHqbsVmg5qpeJ82Kr2uqhyUY4YdQetLcXG5sk0Nqw4pp6kRhUo0bDKuMGvJ9bvV1DUfsslrGn2MtAHIG5gueuAOPrmvVRKS6jPSvK4bI6p47ubNWCrLfuCzHAUbjnJ7dK7MPZo8rG7np3wthn0vUdKgiiAXUoJrq4Yn+GMKiAc+rc8c5UjpXrt8flH1rzbwLfWuseK1vLaT/R7OyeMF8Bt0rJtQ9iVjiXJ9Wr0e/YbF5H513x2PGnfUu2/+pWpagtmUwrgj86noZa2PkSCzuoT+8gkX6qa1I3byx8vSvdf7FsZQMwoc+1Qy+E9Ocf6hPyrTmMOVnmHhmQ+b93vXokDnYuKI/CtjayFo49pJ7VoJZRooAYjFSy4nMa/AYLiG+UYWT93Jj17H+Y/AVkXN7tiwOWPSu2vbJLq2kt3bKOMHiuJvNNeyuDb3I5P+rkxw4rzsVSafOe3gMQnH2bexTMsg+dGKyY/OiLWLpRh7YtjoUBrG1a31S2VpdOus4GRFIinPtnGa7HQ9LbWLOG4tb1VDhfMjdQXjO3kH3B4rFU7q6OuVZRfvaGWGvdTdlkWRI/7gG3I981Y3LbR7CVXbwQD0rpR4Vjiine6v3zH8ymPCggDnNZ+pTabaCRdKgWabeGEjgso4wRk89M/nT9lpqQsQm7QVzk7jVbKa4ENu/m3OMhYfmYDuTjoK0IJJACJXJ/u5qvpunRWkk0xJknlOZpiADIew44wPT/JtRhJJgHkWNSclmzgAfSs5pXtE3i5WvMfPcx2trLczNtRFLMfQAVzPg/Rpbi3vLq4kMOpavG4ix96OFj8745GGzgZA9RnmtzVb60S1YQW/wBtkHIEwxHkdPlz83/1gaz/AABc3U/iq8e/laW5mj3F29iOB2A56CuiguWL7nDiffktNDv9K8PWekaVFZ2kfliPndn5mPck9yalaWXOGduO2a1R06VUuYx52QPvCt+ZnMoIrrNKORKw+hq1De3UbD/SJB/wI1AIhGNzcmp4YsurOOKOZg6cTAttavFZBvyDXTWmozSRZNebWGoCby8V22n3CiHJqnJnDZXLt7qc0SnAFUU1eZxyoqK7YXTFEP1NItqI48J1x+NaKpyrUqNFzemxp295uOZBtA65qjrN9De25t/KUx5zuI5B9R6VUXe2Qc4z60joGRgOcHms51OZHTSw/LK7Ofnt2iJViWQ9G/xqO1MFvKjumHVshxwR+NbiRLLLPG4ypVRj86zJbVY5zFJg45B9q5Jx5VdHpUp3dmSyXdm0omkjWaQfxSsWP6mmz3Et+4EcXlxDjAGKdHbxL2FWGmSKLAwKxc2dKiilKBHFtHHrWbJK0p2J0J5NWbiQzHAPB6mkjiVBgVOwPVkBg/d9Kk8NwiDxRE6j76Mp/n/SrD424qxoBA1tBgElWAPpV02+YzqpONzu1+7UV4xVY2HriplHyioNS/1CY/vf0rrPP6lTLTPtz8oqwpKrgE5zgUyBdkfPU0qk780AzxbQ7k7kO/HtXf294RbZBzxXlWnzqkiHofau1tbySS3VEHzNwB71uonltnX6RI0ls0hXlnOKu/af3nloMnu3amWVoyWkUR4Cr85H8R9KnMYQBUwPWspO7PSpRUYpMh2YQH0Jz9abGu6NsdyalXb5kkfY9PrTM+WuD/eNSa2KiDF0/ugrC8XxzQw21/b53xHDYPVT1ro9n+nD/aQ029tUvNNkidc4pdBvRpnEW2rvPGpWQHPtzV1ZGcZJJrlrizm0zUZbfkKh+Uj0PT/Psau2+pvFhZB9CK55RszphJtHQIOc4p7uFX0rJGqgc81Fcalvwqnk1nZmiZozXSqpOaveE91x4hZu1vCcj3Yj/CuZVmYmRz8qDdj1Pauu+Hduzrf3rdHcID645/rWlKOpnWfunc1FdjMSg9d1S9TUNzyUHvmupnEiMkBfoKbEMjJpjt8rH8KkThAPWkgZ/9k=,abe49a8f-e161-e811-a96a-000d3a1b913d,1,,,Susanna,TRUE,,Susanna Stubberod (sample),Female,,Default Value,,,1,Purchasing Manager,,Stubberod (sample),,Default Value,,,Married,FALSE,FALSE,,,,,,,FALSE,,,Any,Morning,,,Competitor,,,FALSE,Default Value,"Agarwal, Manoj",Active,Active,,,Default Value,,4,,,456947,,,Susanna Stubberod (sample),,,,,60db8c35-df61-e811-a96a-000d3a1b913d,,,,e5d20466-d661-e811-a96a-000d3a1b913d,,
"249 Alexander Pl.
Redmond, WA 86372
U.S.",,Redmond,U.S.,,,,,,,,WA,249 Alexander Pl.,,,,,86372,,Default Value,,,,,,,,,,,,,,,,,,,,,,,,,,,,,,,,,,,,,,,,,4/2/1983 0:00,,,,,FALSE,5/16/1954 0:00,555-0100,,,,,f9018ae3-df61-e811-a96c-000d3a1c9c85,FALSE,,,Default Value,,,FALSE,FALSE,FALSE,FALSE,FALSE,FALSE,Default Value,someone_a@example.com,,,,/9j/4AAQSkZJRgABAQEAYABgAAD/2wBDAAgGBgcGBQgHBwcJCQgKDBQNDAsLDBkSEw8UHRofHh0aHBwgJC4nICIsIxwcKDcpLDAxNDQ0Hyc5PTgyPC4zNDL/2wBDAQkJCQwLDBgNDRgyIRwhMjIyMjIyMjIyMjIyMjIyMjIyMjIyMjIyMjIyMjIyMjIyMjIyMjIyMjIyMjIyMjIyMjL/wAARCACQAJADASIAAhEBAxEB/8QAHwAAAQUBAQEBAQEAAAAAAAAAAAECAwQFBgcICQoL/8QAtRAAAgEDAwIEAwUFBAQAAAF9AQIDAAQRBRIhMUEGE1FhByJxFDKBkaEII0KxwRVS0fAkM2JyggkKFhcYGRolJicoKSo0NTY3ODk6Q0RFRkdISUpTVFVWV1hZWmNkZWZnaGlqc3R1dnd4eXqDhIWGh4iJipKTlJWWl5iZmqKjpKWmp6ipqrKztLW2t7i5usLDxMXGx8jJytLT1NXW19jZ2uHi4+Tl5ufo6erx8vP09fb3+Pn6/8QAHwEAAwEBAQEBAQEBAQAAAAAAAAECAwQFBgcICQoL/8QAtREAAgECBAQDBAcFBAQAAQJ3AAECAxEEBSExBhJBUQdhcRMiMoEIFEKRobHBCSMzUvAVYnLRChYkNOEl8RcYGRomJygpKjU2Nzg5OkNERUZHSElKU1RVVldYWVpjZGVmZ2hpanN0dXZ3eHl6goOEhYaHiImKkpOUlZaXmJmaoqOkpaanqKmqsrO0tba3uLm6wsPExcbHyMnK0tPU1dbX2Nna4uPk5ebn6Onq8vP09fb3+Pn6/9oADAMBAAIRAxEAPwD2osc0mT60HrRigBwzS8+tAFPAoAQfjR0pwFcr46mutN0gapY3zwXMJCRwGVUinLEDDbuMjGQevUDrigDqhz0OaCQoyxwK8L1XXPEfh/WLO81FpIZo5VWfa4xOoyQoHoFJGemR35Jbb+OdU1LVwjXM7GU7fJ3gI4xjHTvj1xyeOtK47HvAxjrUctzBAjPLKiKvUs2Md68d1j4r3dtqF3a2sKGNF2Kxcg7u55HsR2rz+fxJd3lws2pTy3oUgmGWRvLJAA+bB56fnk+tFwSPqOG4gnUNFMkgIyCrA1NXzJF4xuYLdLWxVbGJS+DbMynDHJ+Y5OfqTgHgDAx7J4a+IuhanFDafaZIp0hBb7QepC8/N3780Jg0dhcruiYe1cDKZIdRmj3EfNxXfiWKeLfHIrqRkFTmuL1i3ZNULqOG60pCH2czEYLGrcjMCDk1m2wZZDmtFjuWkB0Fo5eFTntVkA561labcL5QUnkVpCZc9RVgRKwJOKdXPQ6tsyH61N/bK9gaVwN0U/isEawf7teefETxvfQsum2fmQqAHeeOXaT1+X+RobGlc6zxp41Pha8s5ER5olYC5iAUgqx4OeoYYJHY/Nx3Xz7WfildX99JLbqkmlkjy4LhF+Rgu08jr1PXPUccV55e38l9db55WmlcDcztuz6n9ao3k2IlRQQMHAJzjmpu2VZI7DxR4wTxMiSs08cq4UpvBjPTJAA9l656Z46VyK6jJDcRywkb433DcoYcdODWc0p8vCn8u9Rb855p2FcuNfu7sWYsWPLE5JoNzkhR261SjV3bCLux6VMC0Q6kMx5J9PagLl+OUnhRuHfHrS+c4lZYj90YYDv/AIVSW68kYQMWPfFPhJLMxfqMjHf60WC50Wma9eaWWkjlZZTgqxkdSDnPYjrj9K9K8M+M4dQdhqV6Gkk/eBdpCwjgbcscnPXOT9a8dLBvvqCPUdfXH8/ypqXDBtySEL/L3pDPpiCe0uOYJkk90YGpjXhXhDxOmgTMZ/MljOfkRRkt2PJ469u1exaVr1jrMSm1lBZow+w9QPf0OeMUE2L+50b5WIp6XciuMuaY45qeztBcTc9qYjlnv381gFPWpI7id+imt5dJgD52jrVhre0s4GmnKRxoNzMxwAKSGzmL3Uhp1s01zv2gE4Vc5rx7Xbp7zU21KVBBbsMhC2WXHYfXn6fhW9458Ux6lfD7Ksyqg2BVY7WU+uDggkdO+O4rhLm7lnx5jEk8sMfjS3ZS0RDLO33htOe460LJ58WepU857Cq0sgIx1J71FHKyuwGAH4IPSqFcefvk/wAJpqoxKoWIUk5NOY+mcCgMUfKnA+lMCwVVYvk2rnIyRyT71VJA6t+nSpGdWUrzgdBUIQ88HA9qAJEYKwOOnTNO+09wAKhA55JxQMg/d6UAXFnLsAUBjHan71+YKFBBwAxyG61Uj3k7fU+lTsvz7CAVHHTNIC28SyRxMd3A4YN0+vNejfD+5ljuIreCKDzGyz7Iwrlc8j07ZxjPGe/HnEDF4miXCkHIB6468Vp+HNUutK1aJ7WYwvngE/K31/PNJjPowfMgO0j6jFX9KbFzj1rOtJWns45XRkLqGKtjI4q5Yttu0PqaaILGPm/GsHxpDdXPh25gtGjVihLuy79q9ztxyP8AIroT1zWH40mmtvCl7PbkLMFVN5JGAWAPT2JoexS3Pn7Vlith5STsyRJtV3h8oucemT/XqRXOTyhQyIcnJ571rai0Jlk2O8rnkM4II5+pOf8AGsN8JjAzz+tJFSIDknINNGSc+lOIcnP8+lPETYLE55/izVEFm1h8wsxPA61oW2kvdSoqq20jnAo0mNzcqVw2M5Ujt/WvRtF0+M7T5OwA9O34VlOfKbU6fMc3F4SQRhmBz9KuL4RidBxwB6V2sluirwBgVVZlTjgCub2r7nWqMUtjznU/DIhB8sEVzksctq211+WvXLpUmBGB+VczqmirJC2Fzn2rSnVd7MyqUVa6OI86NlzkAj0p6SIi/eHXOKgvbN7OfY2cE8UyMhiBjFdJyPQ0HQO4aM8d8HOD/wDrq7EVKCR8bs9XHOc4zj1z+n1rNiXdlVOT1BPatWxi+0yLFlY8sA2/OBzjtzSY0fQHhS/fUvDlncSOHdowC3qRwTW3CdsyH0Ncx4N0XUNI0/yruaExgYjjg5VeTnnj+Xr64rp0GJF+tNEvcvnrWD4usFvtGkWW8khgRSzxoAfMwOBzzwcHjH9Ru7smsjxPEk2g3CvJJFx8rxuFKn1yaT2Gtz5u1awMN20QnGASApABAzxkds+lY0lq4PK5YDOCK6DWYlimMFuoMCknchILHPrjk8d/Sse7VwR8pGPl4bPQ96SKZTbGSobCgdu5pNodsnIVRhRn3prHBAA6dKB157VRJ1nhbaLlR8qhjzzkn0/pXplvlIV9a8+8KWP2weaQE2tnAFd75kiIViiMjDqScAfj/hXJVd5WO2irRux0zOQcVmujbuTUV1qt/Du32cZHbbJVNNUaZgHiMZI7msXFm6mtjR2gjmh4kaEjGTVCS6ZVZuuBWXNdBn3ahd+XAekYOM/XFOCFN6FHxlp0QsY7mJeVJDc5rh1PNerXc+iahoDWMLQi5I3RqBgle+f/AK9eWywPbXDwuMMjEGu2m9LHDVWtyeFn3qEHOMfWtrT7wRsjOWR8HLDtisa2znKjkc5rdtoftsyFVILFY5dn8JzgEj06CqZmj2XwZronlfTmvjexsvm207ABtnQowA6qf0I59OzH31rz3wP4Su9JnW9W8SOMlg6xjcLhDjGc/dxjt6n8fQ1GWX601sS9yUPzVLWbAavpU1kXVfMxyy7gOfSkabDH60C4560h3PLPFmkT6XKY4ra2gt4oJGDRpgvnAG5tuCcY7kjHPavLblXRNzjmQbifXtXunj3T59QiilRFKKpBOfYn/P05rxu5sGuvOEKbnjy7hMfd4yceg4P60luXujA4L5P41f060+2echVcDBz3B9qqPCVGT0B61oaADNeSW6ybJGwUPuDRN+6EF71md54Th8qJoh1U9q6O9luoY8W8Ks2cLvOFHuaz9EWSOWPzI1RyoVlU5GR3/HiukkVXQjHFcMnd3PQjHSx5xef23NcxC6cpCD8/llQx9cc8/p9Ks6fDNLeAPteNTwVGMjtketdFd2NuTlt3X+8abYCKScwQKPk79qbldbCVNp7k0mnLcRNCqgMy8e5rl5/DkqMy3Fo0uW3Asent9K7WcGEg+aquOQcVS1ddRNsupxfvYkXEgQZ/H2og3bQc4p7lLSdMBCwtapHuYd+Txgc/SuG8d6QbHxFiNDtlTPTGSOv6YrurDWf38UncEH61k/ECBtW13R44BiWdyqKDt+ZmQDk9PrW1J6mFeKUTz+xBysq7gFON2CQp6/nxx/8ArrdsJZ7PUUYwOChBeNlwcr94duf/ANVQSabKl5O0MLweTIguYvM2iJs4JIxwuTwT0yAc16Xreg2l9pFjq9okM11OqtI0QaPOQd2ARnrjsCOvTiuhnImdD4ctHzFcW0f2dM7njjJVHyMElTwD06Y6554rr1++KydAcnS4QSxIX+IEH9ea1o/viqWxDMOe42searrdFnxT5bdmZvrTY7Uhs0irC6vCbrQblBE0rFeEQZJrh08DX2nI8kf7yd1OV2NtCntkc8c8kDr7Yr0+0XAANaIVXTkAntUtDTsfM/ibQptNvvJMT+ezfvIlAONw3KBgnsf/AK5rnbdpbK+iuYyBJG25Qw4JHY/h/OvZPE+kahcyTWJEbr57KioxaQA/NuPAOPnGcnAOACK82uNJu4LW+NxEFkilUbw+QCecA/5B/WhPox+Z6Dp1vqgtdN1S404Q2t62Rsl3+WGAZGbGcBgSO2DgYGQK2ml2QThmwVeuIl+IV7deA49ESxSOe18hDMHJ3LGysp244OVXPPrx6dN9tW/sob2HiO5TcR6HuPwORXJUhy6nbRqczszI1bUQARn2FJpbz20bSwj944wSwzWXeQu14mxsHkDIzg1o6at884t7+6MMbHCzQoNvPTIxkc49sZ5HSko6FubuJc6pNuAuHJJ/ur0q5Zo17DIn2swxuMqJWAH0qc6Np8kfnPr0v8JVeA2D14xnNNn0XSL2wk060aQeY6+ZcTY3BOCQoPO44IxgDk8jrWkIK5EpNnMKJLfWBBFNHKpfBMbBgPxFberWltf6jpaTkFiwi2h1UorOis+CcsAAQAO7Ak44MR0yC1vE+zIFiUbVGavWemvfahpuu2xkmhSRA8bIxCIHxlcepA7d/QHFwXvXMqr92xZ0/wAO3MfiLUba1t5ZtPvY2sRMsoBtyGBDsActgqRzxjuc4rqTp8Wm+H5LO3WQW8E7LAJOWC55G7J3fNu549McZPQeG9MudLtJluZd0kkpYAHhVx0H459P6UzVrcC0aNc7eepz1rexxtlPRJt0QFbaffFczobbW2+hxXURj5lNUJMomEbjx3pPKAqyxG41E7cVBQiHbVhJcVS380oegZieKtAXUNPvprONmvrkxhm4JCrjhc9OB261z+ueE/J8O71TMIxJKMDexBwOMdT3xtJ9e1d+rGnFVljaORFdGGCrDII+lKw0zxfwn4In1nwtrDoFNxJII4ATgAq2T2xkg8Y9/WtLQ9A1fStOdbyzmitWj8wh1C7XDbfzwM88kYr03StL/s28vmhVRb3Uvn4ychyBu/DPP41zXj/xIdO1Cy05AWzE08inowPyj+T/AKVM0nHU1oqUp2icTcQMs+77wJyrDoatBXZdu3PdapPdAlpbdgyE8gj+fvUkWrQ42t+7bsGP9a5Ts9Sldrdl9oaTHpmtDQraZbne2ckdSeRUFzqUZPDCm2V7JJPiMFh0JHQVSbFI9J8J6Es91/aFwm6OEbYsjq/c/h/M+1dDpvhrStHVls7YqC24eZI0mPoWJP8An2rz0eMNS8OWMYtlhnhkU4jmBwjDvkeueR7fnlD4y6y7NBJZ2UMnTIjY4P8A30a6YNJHPKhUk79D2rFUdQj3xMPavGD8SvEhdlOqCNifkDwRgMPY7cE+1Zt3rmr3wZrvUbttzbtryNtH0GcD8BVc5UcFJ7tHqmnqYr51/wBqusiXIU185x+KJ9MbC38xYfwRu1dPofxge3uI11NZ3tuhLRqcD1yOc/n/AFoUyZ4PlWkkz1Z3+Y/WombNOkRyxwD1pohf0oOWw0CnqKesT+hp4RvSgY1V5qdFpoVvSs3XfENr4esjPOrSSkHy4EPzOf6D3/nQOMJSfLFamtPc21lD513cQwRZxvlcIufTJrw7xvfRXXxAu5opd8JjVEYHjhADj8c1U17xhqWujdeKo5zHEv3Ih7epPc/T0AHPs8jqHck993cVnKV9D1sNhvZPmb1LaSTQyebE3DKAynoSOP8ACn/a45iVZSjjqDVZZWHy1Wk2/aQWOAe9Ry3NK1JS95GgUJ4ycda2tKyiYzWJbyHIR+vY+tb9kpIGKh6HI4tOzLGvyiPR4c/89hwe/DVxl5ZNNJ+6fbKgyjH+Jf8AGul8VSMmkW3r9oU/hgg/zrnrmQrbQTgZwdprSD0OilZwcX0M2S2ueVkuJR6hnLA/0NW9O0uN5lD/ADjuOg/IVIkwIzIpMbfmK0LCIJcCSNtyYq22XToxckzOe1iW5kCqNq1a0tIpb1YZEUo4xg1CpLNMadprlNShPo4pXNIpKSP/2Q==,aae49a8f-e161-e811-a96a-000d3a1b913d,1,,,Yvonne,TRUE,,Yvonne McKay (sample),Female,,Default Value,,,1,Purchasing Manager,,McKay (sample),,Default Value,,,Married,FALSE,FALSE,,,,,,,FALSE,,,Any,Morning,,,Competitor,,,FALSE,Default Value,"Abrus, Luka",Active,Active,,,Default Value,,4,,,456946,,,Yvonne McKay (sample),,,,,60db8c35-df61-e811-a96a-000d3a1b913d,,,,e5d20466-d661-e811-a96a-000d3a1b913d,,
